File,Name,Kind,Signature,Description
src/animation/behaviors/momentum.ts,MomentumOptions,interface,"{ animator, friction, threshold, velocitySampleMs, now }",
src/animation/behaviors/momentum.ts,MomentumOptions.animator,field,Animator,Required: the per-Canvas animator that will own the decay.
src/animation/behaviors/momentum.ts,MomentumOptions.friction?,field,number,
src/animation/behaviors/momentum.ts,MomentumOptions.threshold?,field,number,
src/animation/behaviors/momentum.ts,MomentumOptions.velocitySampleMs?,field,number,Sample window in ms for velocity computation.
src/animation/behaviors/momentum.ts,MomentumOptions.now?,field,() => number,Optional clock override for tests.
src/animation/behaviors/momentum.ts,momentum,function,(opts: MomentumOptions) => MoveBehavior<TPose>,
src/animation/behaviors/momentum.ts,momentum.opts,param,opts: MomentumOptions,
src/animation/easings.ts,linear,function,(t),compatibility with existing call sites.
src/animation/easings.ts,linear.t,param,t,
src/animation/easings.ts,easeInQuad,function,(t),Quadratic (degree 2)
src/animation/easings.ts,easeInQuad.t,param,t,
src/animation/easings.ts,easeOutQuad,function,(t),
src/animation/easings.ts,easeOutQuad.t,param,t,
src/animation/easings.ts,easeInOutQuad,function,(t),
src/animation/easings.ts,easeInOutQuad.t,param,t,
src/animation/easings.ts,easeInCubic,function,(t),Cubic (degree 3)
src/animation/easings.ts,easeInCubic.t,param,t,
src/animation/easings.ts,easeOutCubic,function,(t),
src/animation/easings.ts,easeOutCubic.t,param,t,
src/animation/easings.ts,easeInOutCubic,function,(t),
src/animation/easings.ts,easeInOutCubic.t,param,t,
src/animation/easings.ts,easeInQuart,function,(t),Quartic (degree 4)
src/animation/easings.ts,easeInQuart.t,param,t,
src/animation/easings.ts,easeOutQuart,function,(t),
src/animation/easings.ts,easeOutQuart.t,param,t,
src/animation/easings.ts,easeInOutQuart,function,(t),
src/animation/easings.ts,easeInOutQuart.t,param,t,
src/animation/easings.ts,easeInQuint,function,(t),Quintic (degree 5)
src/animation/easings.ts,easeInQuint.t,param,t,
src/animation/easings.ts,easeOutQuint,function,(t),
src/animation/easings.ts,easeOutQuint.t,param,t,
src/animation/easings.ts,easeInOutQuint,function,(t),
src/animation/easings.ts,easeInOutQuint.t,param,t,
src/animation/easings.ts,easeInSine,function,(t),--- Trigonometric / transcendental
src/animation/easings.ts,easeInSine.t,param,t,
src/animation/easings.ts,easeOutSine,function,(t),
src/animation/easings.ts,easeOutSine.t,param,t,
src/animation/easings.ts,easeInOutSine,function,(t),
src/animation/easings.ts,easeInOutSine.t,param,t,
src/animation/easings.ts,easeInExpo,function,(t),
src/animation/easings.ts,easeInExpo.t,param,t,
src/animation/easings.ts,easeOutExpo,function,(t),
src/animation/easings.ts,easeOutExpo.t,param,t,
src/animation/easings.ts,easeInOutExpo,function,(t),
src/animation/easings.ts,easeInOutExpo.t,param,t,
src/animation/easings.ts,easeInCirc,function,(t),
src/animation/easings.ts,easeInCirc.t,param,t,
src/animation/easings.ts,easeOutCirc,function,(t),
src/animation/easings.ts,easeOutCirc.t,param,t,
src/animation/easings.ts,easeInOutCirc,function,(t),
src/animation/easings.ts,easeInOutCirc.t,param,t,
src/animation/easings.ts,easeInBack,function,(t),
src/animation/easings.ts,easeInBack.t,param,t,
src/animation/easings.ts,easeOutBack,function,(t),
src/animation/easings.ts,easeOutBack.t,param,t,
src/animation/easings.ts,easeInOutBack,function,(t),
src/animation/easings.ts,easeInOutBack.t,param,t,
src/animation/easings.ts,easeInElastic,function,(t),
src/animation/easings.ts,easeInElastic.t,param,t,
src/animation/easings.ts,easeOutElastic,function,(t),
src/animation/easings.ts,easeOutElastic.t,param,t,
src/animation/easings.ts,easeInOutElastic,function,(t),
src/animation/easings.ts,easeInOutElastic.t,param,t,
src/animation/easings.ts,easeOutBounce,function,(t),
src/animation/easings.ts,easeOutBounce.t,param,t,
src/animation/easings.ts,easeInBounce,function,(t),
src/animation/easings.ts,easeInBounce.t,param,t,
src/animation/easings.ts,easeInOutBounce,function,(t),
src/animation/easings.ts,easeInOutBounce.t,param,t,
src/animation/easings.ts,easeIn,const,easeInQuad,easeOut/easeInOut; those resolve to the quadratic curve.
src/animation/easings.ts,easeOut,const,easeOutQuad,
src/animation/easings.ts,easeInOut,const,easeInOutQuad,
src/animation/easings.ts,EASINGS,const,"{ linear, easeInQuad, easeOutQuad, easeInOutQuad, easeInCubic, easeOutCubic, easeInOutCubic, easeInQuart, easeOutQuart, ",All easings in one bag — useful for demos / pickers.
src/animation/easings.ts,EasingName,type,keyof typeof EASINGS,
src/animation/easings.ts,SPRING_PRESETS,const,"Record<SpringPresetName, SpringPreset>",
src/animation/index.ts,* from './types',reexport-all,*,
src/animation/index.ts,linear,reexport,re-export from './easings',
src/animation/index.ts,easeIn,reexport,re-export from './easings',
src/animation/index.ts,easeOut,reexport,re-export from './easings',
src/animation/index.ts,easeInOut,reexport,re-export from './easings',
src/animation/index.ts,easeInQuad,reexport,re-export from './easings',
src/animation/index.ts,easeOutQuad,reexport,re-export from './easings',
src/animation/index.ts,easeInOutQuad,reexport,re-export from './easings',
src/animation/index.ts,easeInCubic,reexport,re-export from './easings',
src/animation/index.ts,easeOutCubic,reexport,re-export from './easings',
src/animation/index.ts,easeInOutCubic,reexport,re-export from './easings',
src/animation/index.ts,easeInQuart,reexport,re-export from './easings',
src/animation/index.ts,easeOutQuart,reexport,re-export from './easings',
src/animation/index.ts,easeInOutQuart,reexport,re-export from './easings',
src/animation/index.ts,easeInQuint,reexport,re-export from './easings',
src/animation/index.ts,easeOutQuint,reexport,re-export from './easings',
src/animation/index.ts,easeInOutQuint,reexport,re-export from './easings',
src/animation/index.ts,easeInSine,reexport,re-export from './easings',
src/animation/index.ts,easeOutSine,reexport,re-export from './easings',
src/animation/index.ts,easeInOutSine,reexport,re-export from './easings',
src/animation/index.ts,easeInExpo,reexport,re-export from './easings',
src/animation/index.ts,easeOutExpo,reexport,re-export from './easings',
src/animation/index.ts,easeInOutExpo,reexport,re-export from './easings',
src/animation/index.ts,easeInCirc,reexport,re-export from './easings',
src/animation/index.ts,easeOutCirc,reexport,re-export from './easings',
src/animation/index.ts,easeInOutCirc,reexport,re-export from './easings',
src/animation/index.ts,easeInBack,reexport,re-export from './easings',
src/animation/index.ts,easeOutBack,reexport,re-export from './easings',
src/animation/index.ts,easeInOutBack,reexport,re-export from './easings',
src/animation/index.ts,easeInElastic,reexport,re-export from './easings',
src/animation/index.ts,easeOutElastic,reexport,re-export from './easings',
src/animation/index.ts,easeInOutElastic,reexport,re-export from './easings',
src/animation/index.ts,easeInBounce,reexport,re-export from './easings',
src/animation/index.ts,easeOutBounce,reexport,re-export from './easings',
src/animation/index.ts,easeInOutBounce,reexport,re-export from './easings',
src/animation/index.ts,EASINGS,reexport,re-export from './easings',
src/animation/index.ts,EasingName,reexport,re-export from './easings',
src/animation/index.ts,SPRING_PRESETS,reexport,re-export from './easings',
src/animation/index.ts,useAnimator,reexport,re-export from './useAnimator',
src/animation/index.ts,tweenPose,reexport,re-export from './poseHelpers',
src/animation/index.ts,springPose,reexport,re-export from './poseHelpers',
src/animation/index.ts,TweenPoseOptions,reexport,re-export from './poseHelpers',
src/animation/index.ts,SpringPoseOptions,reexport,re-export from './poseHelpers',
src/animation/index.ts,* from './wrappers',reexport-all,*,
src/animation/index.ts,momentum,reexport,re-export from './behaviors/momentum',
src/animation/index.ts,MomentumOptions,reexport,re-export from './behaviors/momentum',
src/animation/poseHelpers.ts,TweenPoseOptions,interface,"{ id, to, ms, easing, geometry, recordOp, opLabel, onDone }",
src/animation/poseHelpers.ts,TweenPoseOptions.id,field,string,
src/animation/poseHelpers.ts,TweenPoseOptions.to,field,TPose,
src/animation/poseHelpers.ts,TweenPoseOptions.ms,field,number,
src/animation/poseHelpers.ts,TweenPoseOptions.easing?,field,EasingFn,
src/animation/poseHelpers.ts,TweenPoseOptions.geometry?,field,PoseDescriptor<TPose>,"Pose descriptor with a lerp(from, to, t) method."
src/animation/poseHelpers.ts,TweenPoseOptions.recordOp?,field,boolean,"When true (default), emit a transform op before the tween so undo restores the pre-animation pose."
src/animation/poseHelpers.ts,TweenPoseOptions.opLabel?,field,string,Label for the recorded op.
src/animation/poseHelpers.ts,TweenPoseOptions.onDone?,field,() => void,
src/animation/poseHelpers.ts,SpringPoseOptions,interface,"{ id, to, preset, stiffness, damping, mass, geometry, recordOp, opLabel, onDone }",
src/animation/poseHelpers.ts,SpringPoseOptions.id,field,string,
src/animation/poseHelpers.ts,SpringPoseOptions.to,field,TPose,
src/animation/poseHelpers.ts,SpringPoseOptions.preset?,field,SpringPresetName,
src/animation/poseHelpers.ts,SpringPoseOptions.stiffness?,field,number,
src/animation/poseHelpers.ts,SpringPoseOptions.damping?,field,number,
src/animation/poseHelpers.ts,SpringPoseOptions.mass?,field,number,
src/animation/poseHelpers.ts,SpringPoseOptions.geometry?,field,PoseDescriptor<TPose>,
src/animation/poseHelpers.ts,SpringPoseOptions.recordOp?,field,boolean,
src/animation/poseHelpers.ts,SpringPoseOptions.opLabel?,field,string,
src/animation/poseHelpers.ts,SpringPoseOptions.onDone?,field,() => void,
src/animation/poseHelpers.ts,tweenPose,function,"(animator: Animator, adapter: SceneAdapter<TObject, TPose>, opts: TweenPoseOptions<TPose>) => AnimationHandle",
src/animation/poseHelpers.ts,tweenPose.animator,param,animator: Animator,
src/animation/poseHelpers.ts,tweenPose.adapter,param,"adapter: SceneAdapter<TObject, TPose>",
src/animation/poseHelpers.ts,tweenPose.opts,param,opts: TweenPoseOptions<TPose>,
src/animation/poseHelpers.ts,springPose,function,"(animator: Animator, adapter: SceneAdapter<TObject, TPose>, opts: SpringPoseOptions<TPose>) => AnimationHandle",
src/animation/poseHelpers.ts,springPose.animator,param,animator: Animator,
src/animation/poseHelpers.ts,springPose.adapter,param,"adapter: SceneAdapter<TObject, TPose>",
src/animation/poseHelpers.ts,springPose.opts,param,opts: SpringPoseOptions<TPose>,
src/animation/types.ts,EasingFn,type,(t: number) => number,
src/animation/types.ts,Interpolate,type,"(from: T, to: T, t: number) => T",
src/animation/types.ts,SpringPreset,interface,"{ stiffness, damping, mass }",
src/animation/types.ts,SpringPreset.stiffness,field,number,
src/animation/types.ts,SpringPreset.damping,field,number,
src/animation/types.ts,SpringPreset.mass,field,number,
src/animation/types.ts,SpringPresetName,type,'gentle' \,'wobbly' \
src/animation/types.ts,AnimationHandle,interface,"{ id, cancel }",
src/animation/types.ts,AnimationHandle.id,field,number,Monotonic id assigned by the animator.
src/animation/types.ts,AnimationHandle.cancel,field,void,Cancel this animation.
src/animation/types.ts,TweenOptions,interface,"{ from, to, ms, easing, interpolate, onTick, onDone, cancelKey }",
src/animation/types.ts,TweenOptions.from,field,T,
src/animation/types.ts,TweenOptions.to,field,T,
src/animation/types.ts,TweenOptions.ms,field,number,
src/animation/types.ts,TweenOptions.easing?,field,EasingFn,
src/animation/types.ts,TweenOptions.interpolate?,field,Interpolate<T>,Required when T is not number.
src/animation/types.ts,TweenOptions.onTick,field,(value: T) => void,
src/animation/types.ts,TweenOptions.onDone?,field,() => void,
src/animation/types.ts,TweenOptions.cancelKey?,field,string,Any new animation passed the same cancelKey cancels the prior one in flight.
src/animation/types.ts,SpringOptions,interface,"{ from, to, velocity, preset, stiffness, damping, mass, interpolate, add, subtract, ... }",
src/animation/types.ts,SpringOptions.from,field,T,
src/animation/types.ts,SpringOptions.to,field,T,
src/animation/types.ts,SpringOptions.velocity?,field,T,Initial velocity in T-units per second.
src/animation/types.ts,SpringOptions.preset?,field,SpringPresetName,
src/animation/types.ts,SpringOptions.stiffness?,field,number,
src/animation/types.ts,SpringOptions.damping?,field,number,
src/animation/types.ts,SpringOptions.mass?,field,number,
src/animation/types.ts,SpringOptions.interpolate?,field,Interpolate<T>,
src/animation/types.ts,SpringOptions.add?,field,"(a: T, b: T) => T",Vector helpers — required for non-numeric T.
src/animation/types.ts,SpringOptions.subtract?,field,"(a: T, b: T) => T",
src/animation/types.ts,SpringOptions.scale?,field,"(v: T, k: number) => T",
src/animation/types.ts,SpringOptions.magnitude?,field,(v: T) => number,
src/animation/types.ts,SpringOptions.restThreshold?,field,number,Velocity magnitude below which the spring is considered settled.
src/animation/types.ts,SpringOptions.onTick,field,(value: T) => void,
src/animation/types.ts,SpringOptions.onDone?,field,() => void,
src/animation/types.ts,SpringOptions.cancelKey?,field,string,
src/animation/types.ts,DecayOptions,interface,"{ from, velocity, friction, threshold, add, scale, magnitude, onTick, onDone, cancelKey }",
src/animation/types.ts,DecayOptions.from,field,T,
src/animation/types.ts,DecayOptions.velocity,field,T,
src/animation/types.ts,DecayOptions.friction?,field,number,"Per-second velocity multiplier in (0, 1)."
src/animation/types.ts,DecayOptions.threshold?,field,number,Velocity magnitude below which decay stops.
src/animation/types.ts,DecayOptions.add,field,"(a: T, b: T) => T",
src/animation/types.ts,DecayOptions.scale,field,"(v: T, k: number) => T",
src/animation/types.ts,DecayOptions.magnitude,field,(v: T) => number,
src/animation/types.ts,DecayOptions.onTick,field,(value: T) => void,
src/animation/types.ts,DecayOptions.onDone?,field,() => void,
src/animation/types.ts,DecayOptions.cancelKey?,field,string,
src/animation/types.ts,UseAnimatorOptions,interface,"{ now, requestFrame, cancelFrame }",
src/animation/types.ts,UseAnimatorOptions.now?,field,() => number,Optional clock injection for tests.
src/animation/types.ts,UseAnimatorOptions.requestFrame?,field,(cb: (t: number) => void) => number,Optional rAF / cAF injection for tests.
src/animation/types.ts,UseAnimatorOptions.cancelFrame?,field,(handle: number) => void,
src/animation/types.ts,Animator,interface,"{ tween, spring, decay, cancel, cancelKey, cancelAll, isActive }",
src/animation/types.ts,Animator.tween,field,AnimationHandle,
src/animation/types.ts,Animator.spring,field,AnimationHandle,
src/animation/types.ts,Animator.decay,field,AnimationHandle,
src/animation/types.ts,Animator.cancel,field,void,Cancel a specific animation by handle.
src/animation/types.ts,Animator.cancelKey,field,void,Cancel every animation currently active under key.
src/animation/types.ts,Animator.cancelAll,field,void,Cancel everything.
src/animation/types.ts,Animator.isActive,field,boolean,True iff at least one animation is active.
src/animation/useAnimator.ts,useAnimator,hook,(opts: UseAnimatorOptions = {}) => Animator,
src/animation/useAnimator.ts,useAnimator.opts,param,opts: UseAnimatorOptions = {},
src/animation/wrappers/animateLifecycle.ts,LifecycleAnimation,interface,"{ enterFrom, exitTo, ms, easing, geometry }",
src/animation/wrappers/animateLifecycle.ts,LifecycleAnimation.enterFrom?,field,(final: TPose) => TPose,Pose to animate the new object FROM at insert.
src/animation/wrappers/animateLifecycle.ts,LifecycleAnimation.exitTo?,field,(current: TPose) => TPose,Pose to animate the existing object TO at remove.
src/animation/wrappers/animateLifecycle.ts,LifecycleAnimation.ms?,field,number,
src/animation/wrappers/animateLifecycle.ts,LifecycleAnimation.easing?,field,EasingFn,
src/animation/wrappers/animateLifecycle.ts,LifecycleAnimation.geometry?,field,PoseDescriptor<TPose>,
src/animation/wrappers/animateLifecycle.ts,animateLifecycle,function,"(adapter: SceneAdapter<TObject, TPose>, animator: Animator, opts: LifecycleAnimation<TPose>) => SceneAdapter<TObject, TPose>",
src/animation/wrappers/animateLifecycle.ts,animateLifecycle.adapter,param,"adapter: SceneAdapter<TObject, TPose>",
src/animation/wrappers/animateLifecycle.ts,animateLifecycle.animator,param,animator: Animator,
src/animation/wrappers/animateLifecycle.ts,animateLifecycle.opts,param,opts: LifecycleAnimation<TPose>,
src/animation/wrappers/animateOnSetPose.ts,AnimateOnSetPoseOptions,interface,"{ ms, easing, spring, geometry, shouldAnimate, skipDuringGesture, gestureScope, opLabel }",
src/animation/wrappers/animateOnSetPose.ts,AnimateOnSetPoseOptions.ms?,field,number,Default: 200ms tween with easeOut.
src/animation/wrappers/animateOnSetPose.ts,AnimateOnSetPoseOptions.easing?,field,EasingFn,
src/animation/wrappers/animateOnSetPose.ts,AnimateOnSetPoseOptions.spring?,field,{ preset?: SpringPresetName; stiffness?: number; damping?: number; mass?: number; },Use a spring instead of a duration tween.
src/animation/wrappers/animateOnSetPose.ts,AnimateOnSetPoseOptions.geometry?,field,PoseDescriptor<TPose>,
src/animation/wrappers/animateOnSetPose.ts,AnimateOnSetPoseOptions.shouldAnimate?,field,"(id: string, from: TPose, to: TPose) => boolean",Predicate: return false to skip animation and write through immediately.
src/animation/wrappers/animateOnSetPose.ts,AnimateOnSetPoseOptions.skipDuringGesture?,field,boolean,"Convenience: when true, auto-skip animation if the id is currently being manipulated by an active gesture."
src/animation/wrappers/animateOnSetPose.ts,AnimateOnSetPoseOptions.gestureScope?,field,ReadonlySet<string>,Optional: a Set the kit (or app) populates with ids currently being manipulated by a gesture.
src/animation/wrappers/animateOnSetPose.ts,AnimateOnSetPoseOptions.opLabel?,field,string,Op label for the recorded transform op.
src/animation/wrappers/animateOnSetPose.ts,animateOnSetPose,function,"(adapter: SceneAdapter<TObject, TPose>, animator: Animator, opts: AnimateOnSetPoseOptions<TPose> = {}) => SceneAdapter<TObject, TPose>",
src/animation/wrappers/animateOnSetPose.ts,animateOnSetPose.adapter,param,"adapter: SceneAdapter<TObject, TPose>",
src/animation/wrappers/animateOnSetPose.ts,animateOnSetPose.animator,param,animator: Animator,
src/animation/wrappers/animateOnSetPose.ts,animateOnSetPose.opts,param,opts: AnimateOnSetPoseOptions<TPose> = {},
src/animation/wrappers/index.ts,animateOnSetPose,reexport,re-export from './animateOnSetPose',
src/animation/wrappers/index.ts,AnimateOnSetPoseOptions,reexport,re-export from './animateOnSetPose',
src/animation/wrappers/index.ts,animateLifecycle,reexport,re-export from './animateLifecycle',
src/animation/wrappers/index.ts,LifecycleAnimation,reexport,re-export from './animateLifecycle',
src/canvas/Canvas.tsx,STANDARD_SLOTS,const,"[ 'grid', 'cellHighlight', 'scene', 'selectionOverlay', ] as const",Standard slot names — render in this canonical order.
src/canvas/Canvas.tsx,StandardSlotName,type,"Exclude<(typeof STANDARD_SLOTS)[number], 'cellHighlight'>",Names of the slots <Canvas> supports out of the box (excluding the implicit cell-highlight overlay).
src/canvas/Canvas.tsx,GridSlotConfig,type,GridLayerOpts & { /** Cell-highlight overlay; omit or set to null to skip. */ highlight?: CellHighlightLayerOpts \,null; }
src/canvas/Canvas.tsx,SceneSlotConfig,interface,"{ objects, toPose, drawOne, ghostAlpha }",Scene slot config — describes how to draw one object with its effective pose.
src/canvas/Canvas.tsx,SceneSlotConfig.objects?,field,TObject[],Override adapter.getObjects() for the object iteration.
src/canvas/Canvas.tsx,SceneSlotConfig.toPose?,field,(obj: TObject) => TPose,Project an object to its committed pose.
src/canvas/Canvas.tsx,SceneSlotConfig.drawOne,field,"(ctx: CanvasRenderingContext2D, obj: TObject, pose: TPose, view: View) => void",Draw a single object given its effective pose.
src/canvas/Canvas.tsx,SceneSlotConfig.ghostAlpha?,field,number,Default ghost alpha for the move-overlay slot.
src/canvas/Canvas.tsx,SelectionOverlaySlotConfig,type,"Omit< SelectionOverlayLayerOpts<TPose>, 'getSelection' \",'getPose' > & { /** Override the auto-wired pose lookup (overlay-aware → adapter fallback). */ poseById?: (id: string) => TPose \
src/canvas/Canvas.tsx,CustomLayerEntry,interface,"{ layer, after, before }",Custom layer entry — any key not in STANDARD_SLOTS.
src/canvas/Canvas.tsx,CustomLayerEntry.layer,field,RenderLayer<unknown>,
src/canvas/Canvas.tsx,CustomLayerEntry.after?,field,StandardSlotName,Insert immediately after the named standard slot.
src/canvas/Canvas.tsx,CustomLayerEntry.before?,field,StandardSlotName,Insert immediately before the named standard slot.
src/canvas/Canvas.tsx,StandardSlotConfig,type,\,GridSlotConfig \
src/canvas/Canvas.tsx,LayerSlotValue,type,\,"StandardSlotConfig<TObject, TPose> \"
src/canvas/Canvas.tsx,LayersMap,type,{ grid?: GridSlotConfig \,"null; scene?: SceneSlotConfig<TObject, TPose> \"
src/canvas/Canvas.tsx,CanvasSelectionMode,type,'single' \,'multi' \
src/canvas/Canvas.tsx,CanvasProps,interface,"{ width, height, adapter, items, setItems, toPose, fromPose, createDefault, poseBounds, intersectsRect, ... }","Props for the top-level <Canvas> component — combines viewport, scene, gesture controllers, and slot overrides."
src/canvas/Canvas.tsx,CanvasProps.width,field,number,CSS-pixel width.
src/canvas/Canvas.tsx,CanvasProps.height,field,number,CSS-pixel height.
src/canvas/Canvas.tsx,CanvasProps.adapter?,field,"MoveAdapter<TObject, TPose> & ResizeAdapter<TObject, TPose> & RotateAdapter<TObject, TPose>",Combined adapter.
src/canvas/Canvas.tsx,CanvasProps.items?,field,TObject[],"Inline scene wiring: when adapter is omitted and items/setItems are provided, Canvas synthesizes an arrayAdapter internally (via useArrayAdapter)."
src/canvas/Canvas.tsx,CanvasProps.setItems?,field,"UseArrayAdapterOptions<TObject, TPose>['setItems']",@deprecated Use useScene({ items }) + <SceneCanvas>.
src/canvas/Canvas.tsx,CanvasProps.toPose?,field,"UseArrayAdapterOptions<TObject, TPose>['toPose']",@deprecated Use useScene({ items }) + <SceneCanvas>.
src/canvas/Canvas.tsx,CanvasProps.fromPose?,field,"UseArrayAdapterOptions<TObject, TPose>['fromPose']",@deprecated Use useScene({ items }) + <SceneCanvas>.
src/canvas/Canvas.tsx,CanvasProps.createDefault?,field,"UseArrayAdapterOptions<TObject, TPose>['createDefault']",@deprecated Use useScene({ items }) + <SceneCanvas>.
src/canvas/Canvas.tsx,CanvasProps.poseBounds?,field,"UseArrayAdapterOptions<TObject, TPose>['poseBounds']",@deprecated Use useScene({ items }) + <SceneCanvas>.
src/canvas/Canvas.tsx,CanvasProps.intersectsRect?,field,"UseArrayAdapterOptions<TObject, TPose>['intersectsRect']",@deprecated Use useScene({ items }) + <SceneCanvas>.
src/canvas/Canvas.tsx,CanvasProps.selectionMode?,field,CanvasSelectionMode,Selection semantics.
src/canvas/Canvas.tsx,CanvasProps.layers,field,"LayersMap<TObject, TPose>",Layer map.
src/canvas/Canvas.tsx,CanvasProps.selection?,field,SelectionApi,--- Internal hook configuration ---
src/canvas/Canvas.tsx,CanvasProps.selectionOptions?,field,UseSelectionOptions,
src/canvas/Canvas.tsx,CanvasProps.geometry?,field,PoseDescriptor<TPose>,Pose↔bounds projection.
src/canvas/Canvas.tsx,CanvasProps.pickEvery?,field,"(worldX: number, worldY: number) => string \",string[] \
src/canvas/Canvas.tsx,CanvasProps.boundsOf?,field,(id: string) => Bounds \,null
src/canvas/Canvas.tsx,CanvasProps.clientToWorld?,field,"(canvas: HTMLCanvasElement, cx: number, cy: number) => [number, number]",
src/canvas/Canvas.tsx,CanvasProps.onPointerDown?,field,React.PointerEventHandler<HTMLCanvasElement>,--- Per-event overrides — replace the auto-built handler entirely ---
src/canvas/Canvas.tsx,CanvasProps.onPointerMove?,field,React.PointerEventHandler<HTMLCanvasElement>,
src/canvas/Canvas.tsx,CanvasProps.onPointerUp?,field,React.PointerEventHandler<HTMLCanvasElement>,
src/canvas/Canvas.tsx,CanvasProps.onPointerCancel?,field,React.PointerEventHandler<HTMLCanvasElement>,
src/canvas/Canvas.tsx,CanvasProps.background?,field,string,--- Visuals / DOM passthrough ---
src/canvas/Canvas.tsx,CanvasProps.className?,field,string,
src/canvas/Canvas.tsx,CanvasProps.style?,field,React.CSSProperties,
src/canvas/Canvas.tsx,CanvasProps.tabIndex?,field,number,
src/canvas/Canvas.tsx,CanvasProps.autoFocusOnPointerDown?,field,boolean,
src/canvas/Canvas.tsx,CanvasProps.tools?,field,import('../tools/useTools').ToolsApi,Tool primitive substrate.
src/canvas/Canvas.tsx,CanvasProps.gestures?,field,GesturesConfig<TPose>,
src/canvas/Canvas.tsx,CanvasProps.view?,field,View,Controlled viewport.
src/canvas/Canvas.tsx,CanvasProps.defaultView?,field,View,Initial viewport for the uncontrolled path.
src/canvas/Canvas.tsx,CanvasProps.onViewChange?,field,(next: View) => void,Fires whenever the viewport changes — in both controlled and uncontrolled modes.
src/canvas/Canvas.tsx,CanvasProps.viewBounds?,field,{ x: number; y: number; width: number; height: number },Optional world-space rect that constrains pan.
src/canvas/Canvas.tsx,CanvasProps.helpersRef?,field,React.MutableRefObject<CanvasHelpers<TPose> \,null>
src/canvas/Canvas.tsx,CanvasProps.debug?,field,DebugConfig \,false
src/canvas/Canvas.tsx,CanvasProps.debugSinkRef?,field,React.MutableRefObject<(DebugSink & { snapshot(): DebugSnapshot }) \,null>
src/canvas/Canvas.tsx,DeleteGestureConfig,interface,"{ label, filter }",Per-action config for the gestures prop.
src/canvas/Canvas.tsx,DeleteGestureConfig.label?,field,string,
src/canvas/Canvas.tsx,DeleteGestureConfig.filter?,field,(ids: string[]) => string[],
src/canvas/Canvas.tsx,NudgeGestureConfig,interface,"{ step, shiftStep, label, translatePose }",
src/canvas/Canvas.tsx,NudgeGestureConfig.step?,field,number,
src/canvas/Canvas.tsx,NudgeGestureConfig.shiftStep?,field,number,
src/canvas/Canvas.tsx,NudgeGestureConfig.label?,field,string,
src/canvas/Canvas.tsx,NudgeGestureConfig.translatePose?,field,"(pose: TPose, dx: number, dy: number) => TPose",Override pose translation.
src/canvas/Canvas.tsx,DuplicateGestureConfig,interface,"{ cloneObject, offset, label }",
src/canvas/Canvas.tsx,DuplicateGestureConfig.cloneObject,field,"(id: string, offset: { dx: number; dy: number }) => { id: string }",
src/canvas/Canvas.tsx,DuplicateGestureConfig.offset?,field,{ dx: number; dy: number },
src/canvas/Canvas.tsx,DuplicateGestureConfig.label?,field,string,
src/canvas/Canvas.tsx,UndoRedoGestureConfig,interface,{ adapter },
src/canvas/Canvas.tsx,UndoRedoGestureConfig.adapter,field,UndoRedoAdapter,Source of the undo/redo stack — typically a Scene or History.
src/canvas/Canvas.tsx,GesturesConfig,interface,"{ delete, nudge, duplicate, undoRedo }",
src/canvas/Canvas.tsx,GesturesConfig.delete?,field,boolean \,DeleteGestureConfig
src/canvas/Canvas.tsx,GesturesConfig.nudge?,field,boolean \,NudgeGestureConfig<TPose>
src/canvas/Canvas.tsx,GesturesConfig.duplicate?,field,DuplicateGestureConfig,Bind Mod+D to duplicate the current selection.
src/canvas/Canvas.tsx,GesturesConfig.undoRedo?,field,UndoRedoGestureConfig,Bind Mod+Z / Mod+Shift+Z to undo/redo against the supplied adapter.
src/canvas/Canvas.tsx,CanvasHelpers,interface,"{ getEffectivePose, getEffectiveBounds }",Live overlay-aware lookups exposed to custom layers via helpersRef.
src/canvas/Canvas.tsx,CanvasHelpers.getEffectivePose,field,TPose \,null
src/canvas/Canvas.tsx,CanvasHelpers.getEffectiveBounds,field,Bounds \,null
src/canvas/Canvas.tsx,Canvas,const,"forwardRef(CanvasInner) as < TObject extends { id: string } = { id: string }, TPose = TObject, >( props: CanvasProps<TOb",Forward-ref'd <canvas> wrapper.
src/canvas/SceneCanvas.tsx,SceneCanvasProps,type,"Omit< CanvasProps<Node<TData, TLayer, TPose>, TPose>, \",'adapter' \
src/canvas/SceneCanvas.tsx,SceneCanvas,const,"forwardRef(SceneCanvasInner) as < TData, TLayer extends string, TPose, >( props: SceneCanvasProps<TData, TLayer, TPose> ",
src/canvas/sceneAdapter.ts,SceneAdapterSelection,interface,"{ get, set, getSelection, setSelection }",Minimal selection contract sceneToAdapter needs to wire getSelection / setSelection.
src/canvas/sceneAdapter.ts,SceneAdapterSelection.get?,field,string[],
src/canvas/sceneAdapter.ts,SceneAdapterSelection.set?,field,void,
src/canvas/sceneAdapter.ts,SceneAdapterSelection.getSelection?,field,string[],
src/canvas/sceneAdapter.ts,SceneAdapterSelection.setSelection?,field,void,
src/canvas/sceneAdapter.ts,SceneCanvasAdapter,type,"& MoveAdapter<Node<TData, TLayer, TPose>, TPose> & ResizeAdapter<Node<TData, TLayer, TPose>, TPose> & RotateAdapter<Node<TData, TLayer, TPose>, TPose> & AreaSelectAdapter & Partial<InsertAdapter<Node<...",
src/canvas/sceneAdapter.ts,SceneToAdapterOptions,interface,"{ commitInsert, insertLayer, selection, poseBounds }",Optional extras for the synthesized adapter.
src/canvas/sceneAdapter.ts,SceneToAdapterOptions.commitInsert?,field,(bounds: Bounds) => { pose: TPose; data: TData; id?: string; } \,null
src/canvas/sceneAdapter.ts,SceneToAdapterOptions.insertLayer?,field,TLayer,Layer to place inserted nodes on.
src/canvas/sceneAdapter.ts,SceneToAdapterOptions.selection?,field,SceneAdapterSelection,Selection source for AreaSelectAdapter.getSelection / setSelection.
src/canvas/sceneAdapter.ts,SceneToAdapterOptions.poseBounds?,field,(pose: TPose) => Bounds,Project a pose to an AABB for hitTestArea.
src/canvas/sceneAdapter.ts,sceneToAdapter,function,"(scene: Scene<TData, TLayer, TPose>, options: SceneToAdapterOptions<TData, TLayer, TPose> = {}) => SceneCanvasAdapter<TData, TLayer, TPose>",
src/canvas/sceneAdapter.ts,sceneToAdapter.scene,param,"scene: Scene<TData, TLayer, TPose>",
src/canvas/sceneAdapter.ts,sceneToAdapter.options,param,"options: SceneToAdapterOptions<TData, TLayer, TPose> = {}",
src/core/adapters/arrayAdapter.ts,ArrayAdapterConfig,interface,"{ ref, setItems, toPose, fromPose, getParent, setParent, getChildren, selectionRef, setSelection, createDefault, ... }",Configuration for arrayAdapter.
src/core/adapters/arrayAdapter.ts,ArrayAdapterConfig.ref,field,MutableRefObject<TObject[]>,Live ref to the current array.
src/core/adapters/arrayAdapter.ts,ArrayAdapterConfig.setItems,field,(updater: (items: TObject[]) => TObject[]) => void,Functional setter (typically the second value from useState).
src/core/adapters/arrayAdapter.ts,ArrayAdapterConfig.toPose,field,(obj: TObject) => TPose,Project an object to its pose.
src/core/adapters/arrayAdapter.ts,ArrayAdapterConfig.fromPose?,field,"(obj: TObject, pose: TPose) => TObject",Merge a new pose back into an object.
src/core/adapters/arrayAdapter.ts,ArrayAdapterConfig.getParent?,field,(id: string) => string \,null
src/core/adapters/arrayAdapter.ts,ArrayAdapterConfig.setParent?,field,"(id: string, parentId: string \",null) => void
src/core/adapters/arrayAdapter.ts,ArrayAdapterConfig.getChildren?,field,(id: string) => string[] \,undefined
src/core/adapters/arrayAdapter.ts,ArrayAdapterConfig.selectionRef?,field,MutableRefObject<string[]>,Live ref to the current selection.
src/core/adapters/arrayAdapter.ts,ArrayAdapterConfig.setSelection?,field,(ids: string[]) => void,Selection setter.
src/core/adapters/arrayAdapter.ts,ArrayAdapterConfig.createDefault?,field,(bounds: Bounds) => TObject \,null
src/core/adapters/arrayAdapter.ts,ArrayAdapterConfig.poseBounds?,field,(pose: TPose) => Bounds,Project a pose to an AABB for hitTestArea.
src/core/adapters/arrayAdapter.ts,ArrayAdapterConfig.intersectsRect?,field,"(pose: TPose, rect: Bounds) => boolean",Tight intersection test against a pose.
src/core/adapters/arrayAdapter.ts,ArrayAdapter,interface,"{ getObjects, removeObject, getSelection, setSelection }",Combined adapter satisfying every narrow adapter the kit ships.
src/core/adapters/arrayAdapter.ts,ArrayAdapter.getObjects,field,TObject[],
src/core/adapters/arrayAdapter.ts,ArrayAdapter.removeObject,field,void,
src/core/adapters/arrayAdapter.ts,ArrayAdapter.getSelection,field,string[],required on InsertAdapter so TS sees a single non-conflicting signature.
src/core/adapters/arrayAdapter.ts,ArrayAdapter.setSelection,field,void,
src/core/adapters/arrayAdapter.ts,arrayAdapter,function,"(config: ArrayAdapterConfig<TObject, TPose>) => ArrayAdapter<TObject, TPose>",Synthesize a many-faceted adapter from a useState-array scene.
src/core/adapters/arrayAdapter.ts,arrayAdapter.config,param,"config: ArrayAdapterConfig<TObject, TPose>",
src/core/adapters/types.ts,ClipboardSnapshot,interface,{ items },Opaque clipboard payload.
src/core/adapters/types.ts,ClipboardSnapshot.items,field,unknown[],
src/core/adapters/types.ts,SnapTarget,interface,"{ parentId, slotPose, metadata }",SnapTarget — where a dragged object would re-parent to if released.
src/core/adapters/types.ts,SnapTarget.parentId,field,string,
src/core/adapters/types.ts,SnapTarget.slotPose,field,TPose,
src/core/adapters/types.ts,SnapTarget.metadata?,field,unknown,
src/core/adapters/types.ts,SceneAdapter,interface,"{ getObjects, getObject, getSelection, hitTest, getPose, getParent, setPose, setParent, insertObject, removeObject, ... }",Full scene adapter.
src/core/adapters/types.ts,SceneAdapter.getObjects,field,TObject[],Pull (gesture-time queries)
src/core/adapters/types.ts,SceneAdapter.getObject,field,TObject \,undefined
src/core/adapters/types.ts,SceneAdapter.getSelection,field,string[],
src/core/adapters/types.ts,SceneAdapter.hitTest,field,string \,null
src/core/adapters/types.ts,SceneAdapter.getPose,field,TPose,
src/core/adapters/types.ts,SceneAdapter.getParent,field,string \,null
src/core/adapters/types.ts,SceneAdapter.setPose,field,void,Mutators (called by op apply methods)
src/core/adapters/types.ts,SceneAdapter.setParent,field,void,
src/core/adapters/types.ts,SceneAdapter.insertObject,field,void,
src/core/adapters/types.ts,SceneAdapter.removeObject,field,void,
src/core/adapters/types.ts,SceneAdapter.setSelection,field,void,
src/core/adapters/types.ts,SceneAdapter.applyBatch?,field,void,adapter directly.
src/core/adapters/types.ts,MoveAdapter,interface,"{ getObject, getObjects, getPose, getParent, setPose, setParent, applyBatch, findSnapTarget, getChildren, getLayout }",Narrow adapter for useMove.
src/core/adapters/types.ts,MoveAdapter.getObject,field,TObject \,undefined
src/core/adapters/types.ts,MoveAdapter.getObjects,field,TObject[],Enumerate all objects.
src/core/adapters/types.ts,MoveAdapter.getPose,field,TPose,
src/core/adapters/types.ts,MoveAdapter.getParent?,field,string \,null
src/core/adapters/types.ts,MoveAdapter.setPose,field,void,
src/core/adapters/types.ts,MoveAdapter.setParent?,field,void,Optional.
src/core/adapters/types.ts,MoveAdapter.applyBatch?,field,void,Optional: see SceneAdapter.applyBatch.
src/core/adapters/types.ts,MoveAdapter.findSnapTarget?,field,SnapTarget<TPose> \,null
src/core/adapters/types.ts,MoveAdapter.getChildren?,field,string[],Optional: direct children of id.
src/core/adapters/types.ts,MoveAdapter.getLayout?,field,import('../../layout/types').LayoutStrategy<TPose> \,null
src/core/adapters/types.ts,ResizeAdapter,interface,"{ getObject, getPose, setPose, applyBatch }",Narrow adapter for useResize.
src/core/adapters/types.ts,ResizeAdapter.getObject,field,TObject \,undefined
src/core/adapters/types.ts,ResizeAdapter.getPose,field,TPose,
src/core/adapters/types.ts,ResizeAdapter.setPose,field,void,
src/core/adapters/types.ts,ResizeAdapter.applyBatch?,field,void,Optional: see SceneAdapter.applyBatch.
src/core/adapters/types.ts,RotateAdapter,interface,"{ getObject, getPose, setPose, applyBatch }",Narrow adapter for useRotate.
src/core/adapters/types.ts,RotateAdapter.getObject,field,TObject \,undefined
src/core/adapters/types.ts,RotateAdapter.getPose,field,TPose,
src/core/adapters/types.ts,RotateAdapter.setPose,field,void,
src/core/adapters/types.ts,RotateAdapter.applyBatch?,field,void,Optional: see SceneAdapter.applyBatch.
src/core/adapters/types.ts,AreaSelectAdapter,interface,"{ hitTestArea, getSelection, setSelection, applyOps }",Narrow adapter for useAreaSelect.
src/core/adapters/types.ts,AreaSelectAdapter.hitTestArea?,field,string[],Returns ids of objects intersecting the world-space rect.
src/core/adapters/types.ts,AreaSelectAdapter.getSelection?,field,string[],Current selection — read by behaviors to compute additive merges.
src/core/adapters/types.ts,AreaSelectAdapter.setSelection?,field,void,Mutator wired by setSelection op.
src/core/adapters/types.ts,AreaSelectAdapter.applyOps?,field,void,Apply ops without checkpointing or pushing a history entry.
src/core/adapters/types.ts,InsertAdapter,interface,"{ commitInsert, commitPaste, snapshotSelection, getPasteOffset, insertObject, setSelection, applyBatch, getSelection }",Narrow adapter for useInsert and useClipboardOps.
src/core/adapters/types.ts,InsertAdapter.commitInsert,field,TObject \,null
src/core/adapters/types.ts,InsertAdapter.commitPaste,field,TObject[],
src/core/adapters/types.ts,InsertAdapter.snapshotSelection,field,ClipboardSnapshot,
src/core/adapters/types.ts,InsertAdapter.getPasteOffset?,field,{ dx: number; dy: number },
src/core/adapters/types.ts,InsertAdapter.insertObject,field,void,Mutator wired by insertObject-using ops (kit-side InsertOp).
src/core/adapters/types.ts,InsertAdapter.setSelection,field,void,Mutator wired by setSelection ops batched alongside paste.
src/core/adapters/types.ts,InsertAdapter.applyBatch?,field,void,Optional: see SceneAdapter.applyBatch.
src/core/adapters/types.ts,InsertAdapter.getSelection,field,string[],Returns the current selection.
src/core/adapters/types.ts,OrderedAdapter,interface,"{ getChildren, setChildOrder }",Optional adapter mixin for sibling z-order.
src/core/adapters/types.ts,OrderedAdapter.getChildren?,field,string[],"Ordered children of parentId (or root siblings if null), in z-order: index 0 is bottom, last index is top."
src/core/adapters/types.ts,OrderedAdapter.setChildOrder?,field,void,Rewrite the order of parentId's children.
src/core/adapters/useArrayAdapter.ts,UseArrayAdapterOptions,type,"Omit<ArrayAdapterConfig<TObject, TPose>, 'ref' \","'setItems'> & { items: TObject[]; setItems: ArrayAdapterConfig<TObject, TPose>['setItems']; }"
src/core/adapters/useArrayAdapter.ts,useArrayAdapter,hook,"(options: UseArrayAdapterOptions<TObject, TPose>) => ArrayAdapter<TObject, TPose>",Hook wrapper around arrayAdapter that owns the live items ref.
src/core/adapters/useArrayAdapter.ts,useArrayAdapter.options,param,"options: UseArrayAdapterOptions<TObject, TPose>",
src/core/applyOps.ts,applyOpsTo,function,"(adapter: A, ops: Op[], _label?: string) => void",Default applyBatch implementation: apply each op in order against adapter.
src/core/applyOps.ts,applyOpsTo.adapter,param,adapter: A,
src/core/applyOps.ts,applyOpsTo.ops,param,ops: Op[],
src/core/applyOps.ts,applyOpsTo._label,param,_label?: string,
src/core/applyOps.ts,dispatchApplyBatch,function,"(adapter: A, ops: Op[], label?: string) => void","Dispatcher: invokes adapter.applyBatch if present, otherwise falls back to applyOpsTo."
src/core/applyOps.ts,dispatchApplyBatch.adapter,param,adapter: A,
src/core/applyOps.ts,dispatchApplyBatch.ops,param,ops: Op[],
src/core/applyOps.ts,dispatchApplyBatch.label,param,label?: string,
src/core/history/history.ts,History,interface,"{ apply, applyBatch, undo, redo, canUndo, canRedo, clear }",Op-batched undo/redo controller returned by createHistory.
src/core/history/history.ts,History.apply,field,void,
src/core/history/history.ts,History.applyBatch,field,void,
src/core/history/history.ts,History.undo,field,void,
src/core/history/history.ts,History.redo,field,void,
src/core/history/history.ts,History.canUndo,field,boolean,
src/core/history/history.ts,History.canRedo,field,boolean,
src/core/history/history.ts,History.clear,field,void,
src/core/history/history.ts,createHistory,function,(adapter: unknown) => History,Build an op-batched undo/redo History.
src/core/history/history.ts,createHistory.adapter,param,adapter: unknown,
src/core/history/index.ts,createHistory,reexport,re-export from './history',
src/core/history/index.ts,History,reexport,re-export from './history',
src/core/layers/LayerRenderer.ts,LayerRenderer,class,class,Base class for layer renderers.
src/core/layers/LayerRenderer.ts,LayerRenderer#view,field,ViewTransform,
src/core/layers/LayerRenderer.ts,LayerRenderer#width,field,,
src/core/layers/LayerRenderer.ts,LayerRenderer#height,field,,
src/core/layers/LayerRenderer.ts,LayerRenderer#opacity,field,,
src/core/layers/LayerRenderer.ts,LayerRenderer#highlight,field,,Highlight animation state
src/core/layers/LayerRenderer.ts,LayerRenderer#onInvalidate,method,(cb: () => void),Register a callback that fires when the renderer needs a re-render (animation tick).
src/core/layers/LayerRenderer.ts,LayerRenderer#onInvalidate.cb,param,cb: () => void,
src/core/layers/LayerRenderer.ts,LayerRenderer#setHoverHighlight,method,(on: boolean),Set hover-driven highlight (instant on/off).
src/core/layers/LayerRenderer.ts,LayerRenderer#setHoverHighlight.on,param,on: boolean,
src/core/layers/LayerRenderer.ts,LayerRenderer#flash,method,(),"Trigger a flash animation (quick fade-in, hold, fade-out)."
src/core/layers/LayerRenderer.ts,LayerRenderer#setView,method,"(view: ViewTransform, width: number, height: number)",Update view transform and dimensions.
src/core/layers/LayerRenderer.ts,LayerRenderer#setView.view,param,view: ViewTransform,
src/core/layers/LayerRenderer.ts,LayerRenderer#setView.width,param,width: number,
src/core/layers/LayerRenderer.ts,LayerRenderer#setView.height,param,height: number,
src/core/layers/LayerRenderer.ts,LayerRenderer#setParams,method,(params: Partial<this>),Bulk-assign render parameters.
src/core/layers/LayerRenderer.ts,LayerRenderer#setParams.params,param,params: Partial<this>,
src/core/layers/LayerRenderer.ts,LayerRenderer#render,method,(ctx: CanvasRenderingContext2D),Main render entry point.
src/core/layers/LayerRenderer.ts,LayerRenderer#render.ctx,param,ctx: CanvasRenderingContext2D,
src/core/layers/LayerRenderer.ts,LayerRenderer#draw,method,(ctx: CanvasRenderingContext2D) => void,
src/core/layers/LayerRenderer.ts,LayerRenderer#draw.ctx,param,ctx: CanvasRenderingContext2D,
src/core/layers/LayerRenderer.ts,LayerRenderer#dispose,method,(),
src/core/layers/render.ts,RenderLayer,interface,"{ id, label, draw, defaultVisible, alwaysOn, space }",A single named render sub-layer within a canvas renderer.
src/core/layers/render.ts,RenderLayer.id,field,string,Unique identifier used in visibility maps and ordering arrays.
src/core/layers/render.ts,RenderLayer.label,field,string,Human-readable name for UI toggles.
src/core/layers/render.ts,RenderLayer.draw,field,"(ctx: CanvasRenderingContext2D, data: TData, view: View) => void",Draw this layer's content onto the canvas.
src/core/layers/render.ts,RenderLayer.defaultVisible?,field,boolean,Whether the layer is shown when no explicit visibility entry exists.
src/core/layers/render.ts,RenderLayer.alwaysOn?,field,boolean,"When true, the layer is always drawn regardless of the visibility map."
src/core/layers/render.ts,RenderLayer.space?,field,'world' \,'screen'
src/core/layers/render.ts,runLayers,function,"(ctx: CanvasRenderingContext2D, layers: RenderLayer<TData>[], data: TData, visibility: Record<string, boolean>, order?: string[], view?: View) => void",Iterate layers and call draw for each visible one.
src/core/layers/render.ts,runLayers.ctx,param,ctx: CanvasRenderingContext2D,
src/core/layers/render.ts,runLayers.layers,param,layers: RenderLayer<TData>[],
src/core/layers/render.ts,runLayers.data,param,data: TData,
src/core/layers/render.ts,runLayers.visibility,param,"visibility: Record<string, boolean>",
src/core/layers/render.ts,runLayers.order,param,order?: string[],
src/core/layers/render.ts,runLayers.view,param,view?: View,
src/core/ops/create.ts,InsertOp,type,Op,Type alias for ops produced by createInsertOp.
src/core/ops/create.ts,createInsertOp,function,(args: { object: TObject; label?: string; }) => InsertOp,Op: insert object into the scene; inverts to a delete of the same id.
src/core/ops/create.ts,createInsertOp.args,param,args: { object: TObject; label?: string; },
src/core/ops/delete.ts,createDeleteOp,function,(args: { object: TObject; label?: string; }) => Op,Op: remove object from the scene; inverts to a re-insert of the captured object.
src/core/ops/delete.ts,createDeleteOp.args,param,args: { object: TObject; label?: string; },
src/core/ops/index.ts,Op,reexport,re-export from './types',
src/core/ops/index.ts,applyOpsTo,reexport,re-export from '../applyOps',
src/core/ops/index.ts,dispatchApplyBatch,reexport,re-export from '../applyOps',
src/core/ops/index.ts,createTransformOp,reexport,re-export from './transform',
src/core/ops/index.ts,createReparentOp,reexport,re-export from './reparent',
src/core/ops/index.ts,createInsertOp,reexport,re-export from './create',
src/core/ops/index.ts,InsertOp,reexport,re-export from './create',
src/core/ops/index.ts,createDeleteOp,reexport,re-export from './delete',
src/core/ops/index.ts,createSetSelectionOp,reexport,re-export from './select',
src/core/ops/index.ts,createSetTextOp,reexport,re-export from './setText',
src/core/ops/index.ts,createBringForwardOp,reexport,re-export from './reorder',
src/core/ops/index.ts,createSendBackwardOp,reexport,re-export from './reorder',
src/core/ops/index.ts,createBringToFrontOp,reexport,re-export from './reorder',
src/core/ops/index.ts,createSendToBackOp,reexport,re-export from './reorder',
src/core/ops/index.ts,createMoveToIndexOp,reexport,re-export from './reorder',
src/core/ops/reorder/algorithms.ts,bringForward,function,"(list: string[], ids: string[]) => string[]",
src/core/ops/reorder/algorithms.ts,bringForward.list,param,list: string[],
src/core/ops/reorder/algorithms.ts,bringForward.ids,param,ids: string[],
src/core/ops/reorder/algorithms.ts,sendBackward,function,"(list: string[], ids: string[]) => string[]",
src/core/ops/reorder/algorithms.ts,sendBackward.list,param,list: string[],
src/core/ops/reorder/algorithms.ts,sendBackward.ids,param,ids: string[],
src/core/ops/reorder/algorithms.ts,bringToFront,function,"(list: string[], ids: string[]) => string[]",
src/core/ops/reorder/algorithms.ts,bringToFront.list,param,list: string[],
src/core/ops/reorder/algorithms.ts,bringToFront.ids,param,ids: string[],
src/core/ops/reorder/algorithms.ts,sendToBack,function,"(list: string[], ids: string[]) => string[]",
src/core/ops/reorder/algorithms.ts,sendToBack.list,param,list: string[],
src/core/ops/reorder/algorithms.ts,sendToBack.ids,param,ids: string[],
src/core/ops/reorder/algorithms.ts,moveToIndex,function,"(list: string[], ids: string[], index: number) => string[]",
src/core/ops/reorder/algorithms.ts,moveToIndex.list,param,list: string[],
src/core/ops/reorder/algorithms.ts,moveToIndex.ids,param,ids: string[],
src/core/ops/reorder/algorithms.ts,moveToIndex.index,param,index: number,
src/core/ops/reorder/index.ts,createBringForwardOp,function,(args: { ids: string[]; label?: string }) => Op,Op: bump each id one step toward the top of its parent's child order.
src/core/ops/reorder/index.ts,createBringForwardOp.args,param,args: { ids: string[]; label?: string },
src/core/ops/reorder/index.ts,createSendBackwardOp,function,(args: { ids: string[]; label?: string }) => Op,Op: bump each id one step toward the bottom of its parent's child order.
src/core/ops/reorder/index.ts,createSendBackwardOp.args,param,args: { ids: string[]; label?: string },
src/core/ops/reorder/index.ts,createBringToFrontOp,function,(args: { ids: string[]; label?: string }) => Op,Op: move each id to the top of its parent's child order.
src/core/ops/reorder/index.ts,createBringToFrontOp.args,param,args: { ids: string[]; label?: string },
src/core/ops/reorder/index.ts,createSendToBackOp,function,(args: { ids: string[]; label?: string }) => Op,Op: move each id to the bottom of its parent's child order.
src/core/ops/reorder/index.ts,createSendToBackOp.args,param,args: { ids: string[]; label?: string },
src/core/ops/reorder/index.ts,createMoveToIndexOp,function,(args: { ids: string[]; parentId: string \,null; index: number; label?: string; }) => Op
src/core/ops/reorder/index.ts,createMoveToIndexOp.args,param,args: { ids: string[]; parentId: string \,null; index: number; label?: string; }
src/core/ops/reparent.ts,createReparentOp,function,(args: { id: string; fromParentId: string \,null; toParentId: string \
src/core/ops/reparent.ts,createReparentOp.args,param,args: { id: string; fromParentId: string \,null; toParentId: string \
src/core/ops/select.ts,createSetSelectionOp,function,(args: { from: string[]; to: string[]; label?: string; }) => Op,Op: replace the current selection with to; inverts back to from.
src/core/ops/select.ts,createSetSelectionOp.args,param,args: { from: string[]; to: string[]; label?: string; },
src/core/ops/setText.ts,createSetTextOp,function,(args: { id: string; from: string; to: string; label?: string; coalesceKey?: string; }) => Op,"Op: set a text node's text content, inverting back to from."
src/core/ops/setText.ts,createSetTextOp.args,param,args: { id: string; from: string; to: string; label?: string; coalesceKey?: string; },
src/core/ops/transform.ts,createTransformOp,function,(args: { id: string; from: TPose; to: TPose; label?: string; coalesceKey?: string; }) => Op,"Op: set an object's pose, inverting back to from."
src/core/ops/transform.ts,createTransformOp.args,param,args: { id: string; from: TPose; to: TPose; label?: string; coalesceKey?: string; },
src/core/ops/types.ts,Op,interface,"{ apply, invert, label, coalesceKey }",An invertible mutation.
src/core/ops/types.ts,Op.apply,field,void,
src/core/ops/types.ts,Op.invert,field,Op,
src/core/ops/types.ts,Op.label?,field,string,
src/core/ops/types.ts,Op.coalesceKey?,field,string,
src/core/paint.ts,Paint,type,\,{ fill?: 'solid'; color: string; opacity?: number } \
src/core/paint.ts,StrokeAlign,type,'center' \,'inner' \
src/core/paint.ts,Stroke,interface,"{ paint, width, dash, cap, join, align }",Stroke style: a Paint plus structural line parameters.
src/core/paint.ts,Stroke.paint,field,Paint,
src/core/paint.ts,Stroke.width?,field,number,
src/core/paint.ts,Stroke.dash?,field,number[],Per CanvasRenderingContext2D.setLineDash — empty/omitted = solid.
src/core/paint.ts,Stroke.cap?,field,'butt' \,'round' \
src/core/paint.ts,Stroke.join?,field,'miter' \,'round' \
src/core/paint.ts,Stroke.align?,field,StrokeAlign,Where the stroke sits relative to the geometric edge.
src/core/paint.ts,alignedStrokeRect,function,"(rect: { x: number; y: number; width: number; height: number }, align: StrokeAlign, width = 1) => { x: number; y: number; width: number; height: number }",Inflate (positive) or deflate (negative) a rect to honor align when stroking it.
src/core/paint.ts,alignedStrokeRect.rect,param,rect: { x: number; y: number; width: number; height: number },
src/core/paint.ts,alignedStrokeRect.align,param,align: StrokeAlign,
src/core/paint.ts,alignedStrokeRect.width,param,width = 1,
src/core/paint.ts,Region,interface,"{ x, y, w, h, shape }",Region a fill is clipped to.
src/core/paint.ts,Region.x,field,number,
src/core/paint.ts,Region.y,field,number,
src/core/paint.ts,Region.w,field,number,
src/core/paint.ts,Region.h,field,number,
src/core/paint.ts,Region.shape,field,'rectangle' \,'circle'
src/core/paint.ts,RenderFilledRegionOptions,interface,{ anchor },Per-call options for renderFilledRegion.
src/core/paint.ts,RenderFilledRegionOptions.anchor?,field,{ x: number; y: number },World-space anchor for a pattern-fill's repeat origin.
src/core/paint.ts,applyPaint,function,"(ctx: CanvasRenderingContext2D, paint: Paint, anchor?: { x: number; y: number }) => void",Set ctx.fillStyle and ctx.globalAlpha so a subsequent fill operation paints with the given strategy.
src/core/paint.ts,applyPaint.ctx,param,ctx: CanvasRenderingContext2D,
src/core/paint.ts,applyPaint.paint,param,paint: Paint,
src/core/paint.ts,applyPaint.anchor,param,anchor?: { x: number; y: number },
src/core/paint.ts,applyStroke,function,"(ctx: CanvasRenderingContext2D, stroke: Stroke, anchor?: { x: number; y: number }) => void","Set ctx.strokeStyle, ctx.lineWidth, dash/cap/join, and globalAlpha so a subsequent stroke operation paints with the given style."
src/core/paint.ts,applyStroke.ctx,param,ctx: CanvasRenderingContext2D,
src/core/paint.ts,applyStroke.stroke,param,stroke: Stroke,
src/core/paint.ts,applyStroke.anchor,param,anchor?: { x: number; y: number },
src/core/paint.ts,renderFilledRegion,function,"(ctx: CanvasRenderingContext2D, paint: Paint \",null \
src/core/paint.ts,renderFilledRegion.ctx,param,ctx: CanvasRenderingContext2D,
src/core/paint.ts,renderFilledRegion.paint,param,paint: Paint \,null \
src/core/paint.ts,renderFilledRegion.region,param,region: Region,
src/core/paint.ts,renderFilledRegion.options,param,options: RenderFilledRegionOptions = {},
src/core/scene/index.ts,createScene,reexport,re-export from './scene',
src/core/scene/index.ts,useScene,reexport,re-export from './useScene',
src/core/scene/index.ts,asNodeId,reexport,re-export from './types',
src/core/scene/index.ts,AddNodeSpec,reexport,re-export from './types',
src/core/scene/index.ts,ContainerNode,reexport,re-export from './types',
src/core/scene/index.ts,LayerRecord,reexport,re-export from './types',
src/core/scene/index.ts,LeafNode,reexport,re-export from './types',
src/core/scene/index.ts,Node,reexport,re-export from './types',
src/core/scene/index.ts,NodeId,reexport,re-export from './types',
src/core/scene/index.ts,RegisteredOp,reexport,re-export from './types',
src/core/scene/index.ts,Scene,reexport,re-export from './types',
src/core/scene/index.ts,SystemLayerRecord,reexport,re-export from './types',
src/core/scene/index.ts,SystemLayerSpec,reexport,re-export from './types',
src/core/scene/index.ts,UserLayerRecord,reexport,re-export from './types',
src/core/scene/index.ts,UseSceneOptions,reexport,re-export from './types',
src/core/scene/scene.ts,createScene,function,"(options: UseSceneOptions<TData, TLayer, TPose>) => Scene<TData, TLayer, TPose>",
src/core/scene/scene.ts,createScene.options,param,"options: UseSceneOptions<TData, TLayer, TPose>",
src/core/scene/types.ts,NodeId,type,string & { readonly __brand: 'NodeId' },Opaque branded id.
src/core/scene/types.ts,asNodeId,function,(s: string) => NodeId,Brand a string as a NodeId.
src/core/scene/types.ts,asNodeId.s,param,s: string,
src/core/scene/types.ts,LeafNode,interface,{ kind },
src/core/scene/types.ts,LeafNode.kind,field,'leaf',
src/core/scene/types.ts,ContainerNode,interface,"{ kind, children }",
src/core/scene/types.ts,ContainerNode.kind,field,'container',
src/core/scene/types.ts,ContainerNode.children,field,NodeId[],
src/core/scene/types.ts,Node,type,\,"LeafNode<TData, TLayer, TPose> \"
src/core/scene/types.ts,SystemLayerRecord,interface,{ kind },
src/core/scene/types.ts,SystemLayerRecord.kind,field,'system',
src/core/scene/types.ts,UserLayerRecord,interface,"{ kind, name }",
src/core/scene/types.ts,UserLayerRecord.kind,field,'user',
src/core/scene/types.ts,UserLayerRecord.name,field,string,
src/core/scene/types.ts,LayerRecord,type,\,SystemLayerRecord<TLayer> \
src/core/scene/types.ts,AddNodeSpec,interface,"{ kind, layer, pose, data, parent, index, id }",
src/core/scene/types.ts,AddNodeSpec.kind,field,'leaf' \,'container'
src/core/scene/types.ts,AddNodeSpec.layer,field,TLayer,
src/core/scene/types.ts,AddNodeSpec.pose,field,TPose,
src/core/scene/types.ts,AddNodeSpec.data,field,TData,
src/core/scene/types.ts,AddNodeSpec.parent?,field,NodeId \,null
src/core/scene/types.ts,AddNodeSpec.index?,field,number,
src/core/scene/types.ts,AddNodeSpec.id?,field,NodeId,Explicit id wins over the Scene's generateId and the kit default.
src/core/scene/types.ts,RegisteredOp,interface,"{ apply, revert }",
src/core/scene/types.ts,RegisteredOp.apply,field,(payload: P) => void,
src/core/scene/types.ts,RegisteredOp.revert,field,(payload: P) => void,
src/core/scene/types.ts,SystemLayerSpec,interface,"{ id, visible, locked }",
src/core/scene/types.ts,SystemLayerSpec.id,field,TLayer,
src/core/scene/types.ts,SystemLayerSpec.visible?,field,boolean,
src/core/scene/types.ts,SystemLayerSpec.locked?,field,boolean,
src/core/scene/types.ts,UseSceneOptions,interface,"{ systemLayers, initial, ops, historyLimit, generateId }",
src/core/scene/types.ts,UseSceneOptions.systemLayers,field,readonly SystemLayerSpec<TLayer>[],
src/core/scene/types.ts,UseSceneOptions.initial?,field,"readonly AddNodeSpec<TData, TLayer, TPose>[]",
src/core/scene/types.ts,UseSceneOptions.ops?,field,"Readonly<Record<string, RegisteredOp<unknown>>>",
src/core/scene/types.ts,UseSceneOptions.historyLimit?,field,number,
src/core/scene/types.ts,UseSceneOptions.generateId?,field,() => NodeId,
src/core/scene/types.ts,Scene,interface,"{ nodes, roots, layers, get, childrenOf, ancestorsOf, renderOrder, add, remove, update, ... }",
src/core/scene/types.ts,Scene.nodes,field,"ReadonlyMap<NodeId, Node<TData, TLayer, TPose>>",Reads
src/core/scene/types.ts,Scene.roots,field,readonly NodeId[],
src/core/scene/types.ts,Scene.layers,field,readonly LayerRecord<TLayer>[],
src/core/scene/types.ts,Scene.get,field,"Node<TData, TLayer, TPose> \",undefined
src/core/scene/types.ts,Scene.childrenOf,field,readonly NodeId[],
src/core/scene/types.ts,Scene.ancestorsOf,field,readonly NodeId[],
src/core/scene/types.ts,Scene.renderOrder,field,Iterable<NodeId>,
src/core/scene/types.ts,Scene.add,field,NodeId,Mutations (all auto-undoable)
src/core/scene/types.ts,Scene.remove,field,void,
src/core/scene/types.ts,Scene.update,field,void,
src/core/scene/types.ts,Scene.setPose,field,void,
src/core/scene/types.ts,Scene.setLayer,field,void,
src/core/scene/types.ts,Scene.move,field,void,
src/core/scene/types.ts,Scene.reorder,field,void,
src/core/scene/types.ts,Scene.setLayerVisible,field,void,
src/core/scene/types.ts,Scene.setLayerLocked,field,void,
src/core/scene/types.ts,Scene.registerOp,field,void,Custom op seam
src/core/scene/types.ts,Scene.recordOp,field,void,
src/core/scene/types.ts,Scene.undo,field,boolean,History
src/core/scene/types.ts,Scene.redo,field,boolean,
src/core/scene/types.ts,Scene.canUndo,field,boolean,
src/core/scene/types.ts,Scene.canRedo,field,boolean,
src/core/scene/types.ts,Scene.batch,field,T,
src/core/scene/types.ts,Scene.subscribe,field,() => void,Subscription (used by useScene; also for non-React observers)
src/core/scene/types.ts,Scene.getVersion,field,number,Monotonically increasing version.
src/core/scene/useScene.ts,UseSceneTrivialOptions,interface,"{ items, historyLimit, generateId }","Trivial-form options: a flat list of items, no layers, no parenting."
src/core/scene/useScene.ts,UseSceneTrivialOptions.items,field,readonly TItem[],
src/core/scene/useScene.ts,UseSceneTrivialOptions.historyLimit?,field,number,
src/core/scene/useScene.ts,UseSceneTrivialOptions.generateId?,field,() => NodeId,
src/core/scene/useScene.ts,useScene,hook,"(options: UseSceneTrivialOptions<TItem>) => Scene<TItem, DefaultLayer, TItem>",React hook returning a kit-owned Scene.
src/core/scene/useScene.ts,useScene.options,param,options: UseSceneTrivialOptions<TItem>,
src/core/scene/useScene.ts,useScene,hook,"(options: UseSceneOptions<TData, TLayer, TPose>) => Scene<TData, TLayer, TPose>",
src/core/scene/useScene.ts,useScene.options,param,"options: UseSceneOptions<TData, TLayer, TPose>",
src/core/scene/useScene.ts,useScene,hook,(options: unknown) => unknown,
src/core/scene/useScene.ts,useScene.options,param,options: unknown,
src/core/units.ts,Unit,type,string,A unit name (e.g.
src/core/units.ts,UnitSystem,interface,"{ base, units }",Conversion table mapping unit names to factors against a base unit.
src/core/units.ts,UnitSystem.base,field,Unit,"Name of the base unit, e.g."
src/core/units.ts,UnitSystem.units,field,"Record<Unit, number>",Factor to multiply a value in unit by to get base units.
src/core/units.ts,UnitValue,type,number \,{ value: number; unit: Unit }
src/core/units.ts,resolveUnit,function,"(v: UnitValue, unitSystem?: UnitSystem) => number",Resolve a UnitValue to a number in base units.
src/core/units.ts,resolveUnit.v,param,v: UnitValue,
src/core/units.ts,resolveUnit.unitSystem,param,unitSystem?: UnitSystem,
src/core/units.ts,formatUnit,function,"(baseValue: number, displayUnit: Unit, unitSystem: UnitSystem, opts?: { precision?: number; suffix?: boolean }) => string",Format a base-unit number as a string in the named display unit.
src/core/units.ts,formatUnit.baseValue,param,baseValue: number,
src/core/units.ts,formatUnit.displayUnit,param,displayUnit: Unit,
src/core/units.ts,formatUnit.unitSystem,param,unitSystem: UnitSystem,
src/core/units.ts,formatUnit.opts,param,opts?: { precision?: number; suffix?: boolean },
src/core/units.ts,IMPERIAL_INCHES,const,UnitSystem,Imperial unit system with base 'in'.
src/core/units.ts,METRIC_MM,const,UnitSystem,Metric unit system with base 'mm'.
src/core/units.ts,PIXELS,const,UnitSystem,Pixel unit system — sole unit is the base.
src/debug/createDebugOverlayLayer.ts,createDebugOverlayLayer,function,"({   sink,   config, }: CreateDebugOverlayLayerOpts) => RenderLayer<unknown>",Screen-space RenderLayer that paints the sink's snapshot.
src/debug/createDebugSink.ts,createDebugSink,function,(config: DebugConfig) => DebugSink & { snapshot(): DebugSnapshot },Build a sink that stores recorded primitives in arrays keyed by feature.
src/debug/createDebugSink.ts,createDebugSink.config,param,config: DebugConfig,
src/debug/defaultTheme.ts,DEFAULT_DEBUG_THEME,const,DebugTheme,Default colors per the spec's Visual Style section.
src/debug/index.ts,parseDebugFlags,reexport,re-export from './parseDebugFlags',
src/debug/index.ts,createDebugSink,reexport,re-export from './createDebugSink',
src/debug/index.ts,createDebugOverlayLayer,reexport,re-export from './createDebugOverlayLayer',
src/debug/index.ts,DEFAULT_DEBUG_THEME,reexport,re-export from './defaultTheme',
src/debug/index.ts,DebugConfig,reexport,re-export from './types',
src/debug/index.ts,DebugFeature,reexport,re-export from './types',
src/debug/index.ts,DebugTheme,reexport,re-export from './types',
src/debug/index.ts,DebugSink,reexport,re-export from './types',
src/debug/index.ts,DebugSnapshot,reexport,re-export from './types',
src/debug/index.ts,HandleKind,reexport,re-export from './types',
src/debug/index.ts,HitShape,reexport,re-export from './types',
src/debug/index.ts,RecordedHitbox,reexport,re-export from './types',
src/debug/index.ts,RecordedHandle,reexport,re-export from './types',
src/debug/index.ts,RecordedBounds,reexport,re-export from './types',
src/debug/index.ts,RecordedOrigin,reexport,re-export from './types',
src/debug/index.ts,RecordedSnap,reexport,re-export from './types',
src/debug/index.ts,RecordedLayer,reexport,re-export from './types',
src/debug/parseDebugFlags.ts,parseDebugFlags,function,(search: string) => DebugConfig \,null
src/debug/parseDebugFlags.ts,parseDebugFlags.search,param,search: string,
src/debug/types.ts,DebugConfig,interface,"{ hitboxes, handles, bounds, origins, snap, layers, theme }",One bit per debug feature; absent keys are off.
src/debug/types.ts,DebugConfig.hitboxes?,field,boolean,
src/debug/types.ts,DebugConfig.handles?,field,boolean,
src/debug/types.ts,DebugConfig.bounds?,field,boolean,
src/debug/types.ts,DebugConfig.origins?,field,boolean,
src/debug/types.ts,DebugConfig.snap?,field,boolean,
src/debug/types.ts,DebugConfig.layers?,field,boolean,
src/debug/types.ts,DebugConfig.theme?,field,Partial<DebugTheme>,Optional per-feature color overrides; falls back to the default theme.
src/debug/types.ts,DebugFeature,type,'hitboxes' \,'handles' \
src/debug/types.ts,DebugTheme,interface,"{ hitboxFill, hitboxStroke, handle, bounds, origin, snap, layerText, layerTextBg }",
src/debug/types.ts,DebugTheme.hitboxFill,field,string,
src/debug/types.ts,DebugTheme.hitboxStroke,field,string,
src/debug/types.ts,DebugTheme.handle,field,string,
src/debug/types.ts,DebugTheme.bounds,field,string,
src/debug/types.ts,DebugTheme.origin,field,string,
src/debug/types.ts,DebugTheme.snap,field,string,
src/debug/types.ts,DebugTheme.layerText,field,string,
src/debug/types.ts,DebugTheme.layerTextBg,field,string,
src/debug/types.ts,HandleKind,type,'corner' \,'rotation' \
src/debug/types.ts,HitShape,type,\,{ kind: 'rect'; x: number; y: number; width: number; height: number; rotation?: number } \
src/debug/types.ts,RecordedHitbox,interface,"{ id, kind, shape }",
src/debug/types.ts,RecordedHitbox.id,field,string,
src/debug/types.ts,RecordedHitbox.kind,field,'body' \,'handle' \
src/debug/types.ts,RecordedHitbox.shape,field,HitShape,
src/debug/types.ts,RecordedHandle,interface,"{ id, position, kind }",
src/debug/types.ts,RecordedHandle.id,field,string,
src/debug/types.ts,RecordedHandle.position,field,{ x: number; y: number },
src/debug/types.ts,RecordedHandle.kind,field,HandleKind,
src/debug/types.ts,RecordedBounds,interface,"{ id, bounds }",
src/debug/types.ts,RecordedBounds.id,field,string,
src/debug/types.ts,RecordedBounds.bounds,field,{ x: number; y: number; width: number; height: number },
src/debug/types.ts,RecordedOrigin,interface,"{ id, point }",
src/debug/types.ts,RecordedOrigin.id,field,string,
src/debug/types.ts,RecordedOrigin.point,field,{ x: number; y: number },
src/debug/types.ts,RecordedSnap,interface,"{ point, accepted }",
src/debug/types.ts,RecordedSnap.point,field,{ x: number; y: number },
src/debug/types.ts,RecordedSnap.accepted,field,boolean,
src/debug/types.ts,RecordedLayer,interface,"{ id, label, space, index }",
src/debug/types.ts,RecordedLayer.id,field,string,
src/debug/types.ts,RecordedLayer.label,field,string,
src/debug/types.ts,RecordedLayer.space,field,'world' \,'screen'
src/debug/types.ts,RecordedLayer.index,field,number,
src/debug/types.ts,DebugSnapshot,interface,"{ hitboxes, handles, bounds, origins, snap, layers }",
src/debug/types.ts,DebugSnapshot.hitboxes,field,RecordedHitbox[],
src/debug/types.ts,DebugSnapshot.handles,field,RecordedHandle[],
src/debug/types.ts,DebugSnapshot.bounds,field,RecordedBounds[],
src/debug/types.ts,DebugSnapshot.origins,field,RecordedOrigin[],
src/debug/types.ts,DebugSnapshot.snap,field,RecordedSnap[],
src/debug/types.ts,DebugSnapshot.layers,field,RecordedLayer[],
src/debug/types.ts,DebugSink,interface,"{ recordHitbox, recordHandle, recordBounds, recordOrigin, recordSnapCandidate, recordLayer, beginFrame, clearSnap }",
src/debug/types.ts,DebugSink.recordHitbox,field,void,
src/debug/types.ts,DebugSink.recordHandle,field,void,
src/debug/types.ts,DebugSink.recordBounds,field,void,
src/debug/types.ts,DebugSink.recordOrigin,field,void,
src/debug/types.ts,DebugSink.recordSnapCandidate,field,void,
src/debug/types.ts,DebugSink.recordLayer,field,void,
src/debug/types.ts,DebugSink.beginFrame,field,void,Clears every non-snap array.
src/debug/types.ts,DebugSink.clearSnap,field,void,Clears the snap array.
src/features/drag/dragGhost.ts,DragGhost,interface,"{ move, setHidden, repaint, destroy }",Cursor-following drag ghost.
src/features/drag/dragGhost.ts,DragGhost.move,field,void,
src/features/drag/dragGhost.ts,DragGhost.setHidden,field,void,
src/features/drag/dragGhost.ts,DragGhost.repaint,field,void,
src/features/drag/dragGhost.ts,DragGhost.destroy,field,void,
src/features/drag/dragGhost.ts,DragGhostOptions,interface,"{ sizeCss, paint, opacity }",Construction options for createDragGhost.
src/features/drag/dragGhost.ts,DragGhostOptions.sizeCss,field,number,Visual diameter/side of the ghost in CSS pixels.
src/features/drag/dragGhost.ts,DragGhostOptions.paint,field,"(ctx: CanvasRenderingContext2D, sizeCss: number) => void",Paint callback.
src/features/drag/dragGhost.ts,DragGhostOptions.opacity?,field,number,Optional opacity (default 0.85).
src/features/drag/dragGhost.ts,createDragGhost,function,(opts: DragGhostOptions) => DragGhost,Mount a fixed-position canvas drag ghost on document.body; returns the controller DragGhost.
src/features/drag/dragGhost.ts,createDragGhost.opts,param,opts: DragGhostOptions,
src/features/drag/pointerDrag.ts,DragPayload,interface,"{ kind, ids, data }","Payload carried by an in-flight pointer drag — kind routes to drop zones, ids lists the dragged items."
src/features/drag/pointerDrag.ts,DragPayload.kind,field,string,
src/features/drag/pointerDrag.ts,DragPayload.ids,field,string[],
src/features/drag/pointerDrag.ts,DragPayload.data?,field,unknown,
src/features/drag/pointerDrag.ts,DragHandleOptions,interface,{ createGhost },Options for useDragHandle; supply createGhost to override the default DOM-clone ghost.
src/features/drag/pointerDrag.ts,DragHandleOptions.createGhost?,field,"(source: HTMLElement, payload: DragPayload) => HTMLElement",
src/features/drag/pointerDrag.ts,useDragHandle,hook,(getPayload: () => DragPayload \,"null, options?: DragHandleOptions)"
src/features/drag/pointerDrag.ts,useDragHandle.getPayload,param,getPayload: () => DragPayload \,null
src/features/drag/pointerDrag.ts,useDragHandle.options,param,options?: DragHandleOptions,
src/features/drag/pointerDrag.ts,DropZoneOptions,interface,"{ accepts, onDrop, onOver, onMove }",Options for useDropZone; accepts filters by payload.kind.
src/features/drag/pointerDrag.ts,DropZoneOptions.accepts,field,(kind: string) => boolean,
src/features/drag/pointerDrag.ts,DropZoneOptions.onDrop,field,"(payload: DragPayload, clientX: number, clientY: number) => void",
src/features/drag/pointerDrag.ts,DropZoneOptions.onOver?,field,(active: boolean) => void,
src/features/drag/pointerDrag.ts,DropZoneOptions.onMove?,field,"(payload: DragPayload, clientX: number, clientY: number) => void",
src/features/drag/pointerDrag.ts,useDropZone,hook,(opts: DropZoneOptions) => (el: T \,null) => void
src/features/drag/pointerDrag.ts,useDropZone.opts,param,opts: DropZoneOptions,
src/features/drag/thresholdDrag.ts,ThresholdDragOptions,interface,"{ threshold, onActivate, onMove, onCommit, onCancel }",Wire up a pointer-driven drag with a movement threshold before activation.
src/features/drag/thresholdDrag.ts,ThresholdDragOptions.threshold?,field,number,
src/features/drag/thresholdDrag.ts,ThresholdDragOptions.onActivate?,field,(e: PointerEvent) => void,
src/features/drag/thresholdDrag.ts,ThresholdDragOptions.onMove,field,(e: PointerEvent) => void,
src/features/drag/thresholdDrag.ts,ThresholdDragOptions.onCommit,field,(e: PointerEvent) => void,
src/features/drag/thresholdDrag.ts,ThresholdDragOptions.onCancel?,field,() => void,
src/features/drag/thresholdDrag.ts,ThresholdDragHandle,interface,{ isDragging },Handle returned by startThresholdDrag exposing live gesture state.
src/features/drag/thresholdDrag.ts,ThresholdDragHandle.isDragging,field,() => boolean,True after the pointer has moved past threshold and the drag is live.
src/features/drag/thresholdDrag.ts,startThresholdDrag,function,"(e: React.PointerEvent, opts: ThresholdDragOptions) => ThresholdDragHandle",Begin a threshold-gated drag from a React PointerDown event; returns a handle exposing live state.
src/features/drag/thresholdDrag.ts,startThresholdDrag.e,param,e: React.PointerEvent,
src/features/drag/thresholdDrag.ts,startThresholdDrag.opts,param,opts: ThresholdDragOptions,
src/features/grid/cellHighlight.ts,CellHighlightLayerOpts,interface,"{ spacing, unitSystem, origin, getCell, fill }",Options for createCellHighlightLayer.
src/features/grid/cellHighlight.ts,CellHighlightLayerOpts.spacing,field,UnitValue,Cell size in world units (matches the grid's spacing).
src/features/grid/cellHighlight.ts,CellHighlightLayerOpts.unitSystem?,field,UnitSystem,Optional unit system for resolving tagged spacing values.
src/features/grid/cellHighlight.ts,CellHighlightLayerOpts.origin?,field,() => { x: number; y: number },"Origin the cell grid is anchored to, in world units."
src/features/grid/cellHighlight.ts,CellHighlightLayerOpts.getCell,field,() => { col: number; row: number } \,null
src/features/grid/cellHighlight.ts,CellHighlightLayerOpts.fill?,field,Paint,Paint strategy for the filled cell.
src/features/grid/cellHighlight.ts,createCellHighlightLayer,function,(opts: CellHighlightLayerOpts) => RenderLayer<unknown>,Build a RenderLayer that fills a single grid cell — typically a snap-target preview.
src/features/grid/cellHighlight.ts,createCellHighlightLayer.opts,param,opts: CellHighlightLayerOpts,
src/features/grid/index.ts,roundToCell,function,"(value: number, cellSize: number) => number",Round value to the nearest multiple of cellSize.
src/features/grid/index.ts,roundToCell.value,param,value: number,
src/features/grid/index.ts,roundToCell.cellSize,param,cellSize: number,
src/features/grid/layer.ts,GridLayerOpts,interface,"{ spacing, unitSystem, bounds, accentEvery, subdivisions, style }",Options for createGridLayer.
src/features/grid/layer.ts,GridLayerOpts.spacing,field,UnitValue,"Distance between adjacent grid lines (also known as grid pitch), in world (base) units."
src/features/grid/layer.ts,GridLayerOpts.unitSystem?,field,UnitSystem,Optional unit system for resolving tagged spacing values.
src/features/grid/layer.ts,GridLayerOpts.bounds,field,() => { x: number; y: number; width: number; height: number },"Bounds of the area to cover, in world units."
src/features/grid/layer.ts,GridLayerOpts.accentEvery?,field,number,Lines every N cells get the accent style.
src/features/grid/layer.ts,GridLayerOpts.subdivisions?,field,number,Optional finer subdivisions per cell.
src/features/grid/layer.ts,GridLayerOpts.style?,field,{ line?: Stroke; accent?: Stroke; sub?: Stroke; },Per-band stroke styles.
src/features/grid/layer.ts,createGridLayer,function,(opts: GridLayerOpts) => RenderLayer<unknown>,Build a RenderLayer that draws a world-space grid with optional accent lines and subdivisions.
src/features/grid/layer.ts,createGridLayer.opts,param,opts: GridLayerOpts,
src/features/grid/useGridCellHover.ts,UseGridCellHoverOptions,interface,"{ ref, view, spacing, unitSystem, origin, onChange, enabled }",Options for useGridCellHover.
src/features/grid/useGridCellHover.ts,UseGridCellHoverOptions.ref,field,RefObject<HTMLElement \,null>
src/features/grid/useGridCellHover.ts,UseGridCellHoverOptions.view,field,() => ViewTransform,Read the current view transform.
src/features/grid/useGridCellHover.ts,UseGridCellHoverOptions.spacing,field,UnitValue,Cell spacing in world units.
src/features/grid/useGridCellHover.ts,UseGridCellHoverOptions.unitSystem?,field,UnitSystem,Required if spacing is tagged (e.g.
src/features/grid/useGridCellHover.ts,UseGridCellHoverOptions.origin?,field,{ x: number; y: number },"Origin the cell grid is anchored to, in world units."
src/features/grid/useGridCellHover.ts,UseGridCellHoverOptions.onChange?,field,(cell: { col: number; row: number } \,null) => void
src/features/grid/useGridCellHover.ts,UseGridCellHoverOptions.enabled?,field,boolean,Disable the listeners without unmounting.
src/features/grid/useGridCellHover.ts,UseGridCellHoverReturn,interface,"{ cell, getCell }",Return shape of useGridCellHover.
src/features/grid/useGridCellHover.ts,UseGridCellHoverReturn.cell,field,{ col: number; row: number } \,null
src/features/grid/useGridCellHover.ts,UseGridCellHoverReturn.getCell,field,() => { col: number; row: number } \,null
src/features/grid/useGridCellHover.ts,useGridCellHover,hook,(opts: UseGridCellHoverOptions) => UseGridCellHoverReturn,Track which grid cell the pointer is over; pairs with createCellHighlightLayer.
src/features/grid/useGridCellHover.ts,useGridCellHover.opts,param,opts: UseGridCellHoverOptions,
src/features/groups/children.ts,CreateChildrenLayerOpts,interface,"{ id, label, adapter, parentId, drawChild, defaultVisible, alwaysOn }",Options for createChildrenLayer.
src/features/groups/children.ts,CreateChildrenLayerOpts.id?,field,string,Layer id for the visibility/order map.
src/features/groups/children.ts,CreateChildrenLayerOpts.label?,field,string,Human-readable label.
src/features/groups/children.ts,CreateChildrenLayerOpts.adapter,field,"Pick<OrderedAdapter, 'getChildren'>",Source of getChildren.
src/features/groups/children.ts,CreateChildrenLayerOpts.parentId?,field,string \,null \
src/features/groups/children.ts,CreateChildrenLayerOpts.drawChild,field,void,Draw one child.
src/features/groups/children.ts,CreateChildrenLayerOpts.defaultVisible?,field,boolean,Forwarded to the produced RenderLayer.
src/features/groups/children.ts,CreateChildrenLayerOpts.alwaysOn?,field,boolean,Forwarded to the produced RenderLayer.
src/features/groups/children.ts,createChildrenLayer,function,(opts: CreateChildrenLayerOpts<TData>) => RenderLayer<TData>,Build a RenderLayer that draws an OrderedAdapter's children in z-order.
src/features/groups/children.ts,createChildrenLayer.opts,param,opts: CreateChildrenLayerOpts<TData>,
src/features/groups/composePose.ts,RectPose,interface,"{ x, y, width, height }",Axis-aligned rectangle pose.
src/features/groups/composePose.ts,RectPose.x,field,number,
src/features/groups/composePose.ts,RectPose.y,field,number,
src/features/groups/composePose.ts,RectPose.width,field,number,
src/features/groups/composePose.ts,RectPose.height,field,number,
src/features/groups/composePose.ts,PoseAdapter,interface,"{ getPose, getParent }",Minimal adapter needed by composeWorldPose and friends — pose lookup plus parent walk.
src/features/groups/composePose.ts,PoseAdapter.getPose,field,TPose,
src/features/groups/composePose.ts,PoseAdapter.getParent,field,string \,null
src/features/groups/composePose.ts,composeWorldPose,function,"(adapter: PoseAdapter<TPose>, id: string, compose: (parent: TPose, child: TPose) => TPose) => TPose",Walk id's parent chain (root first to id last) and fold local poses into a world pose via compose.
src/features/groups/composePose.ts,composeWorldPose.adapter,param,adapter: PoseAdapter<TPose>,
src/features/groups/composePose.ts,composeWorldPose.id,param,id: string,
src/features/groups/composePose.ts,composeWorldPose.compose,param,"compose: (parent: TPose, child: TPose) => TPose",
src/features/groups/composePose.ts,composeRectPose,function,"(parent: TPose, child: TPose) => TPose",Default compose for axis-aligned rectangles.
src/features/groups/composePose.ts,composeRectPose.parent,param,parent: TPose,
src/features/groups/composePose.ts,composeRectPose.child,param,child: TPose,
src/features/groups/composePose.ts,translateRectPose,function,"(pose: TPose, dx: number, dy: number) => TPose","Translate a RectPose-shaped pose by (dx, dy)."
src/features/groups/composePose.ts,translateRectPose.pose,param,pose: TPose,
src/features/groups/composePose.ts,translateRectPose.dx,param,dx: number,
src/features/groups/composePose.ts,translateRectPose.dy,param,dy: number,
src/features/groups/composePose.ts,rebaseLocalPose,function,"(adapter: PoseAdapter<TPose>, worldPose: TPose, newParentId: string \","null, compose: (parent: TPose, child: TPose) => TPose, decompose: (parent: TPose, world: TPose) => TPose) => TPose"
src/features/groups/composePose.ts,rebaseLocalPose.adapter,param,adapter: PoseAdapter<TPose>,
src/features/groups/composePose.ts,rebaseLocalPose.worldPose,param,worldPose: TPose,
src/features/groups/composePose.ts,rebaseLocalPose.newParentId,param,newParentId: string \,null
src/features/groups/composePose.ts,rebaseLocalPose.compose,param,"compose: (parent: TPose, child: TPose) => TPose",
src/features/groups/composePose.ts,rebaseLocalPose.decompose,param,"decompose: (parent: TPose, world: TPose) => TPose",
src/features/groups/composePose.ts,decomposeRectPose,function,"(parent: TPose, world: TPose) => TPose",Inverse of composeRectPose — subtracts parent translation.
src/features/groups/composePose.ts,decomposeRectPose.parent,param,parent: TPose,
src/features/groups/composePose.ts,decomposeRectPose.world,param,world: TPose,
src/features/groups/composePose.ts,worldPoseLookup,function,"(adapter: PoseAdapter<TPose>, compose: (parent: TPose, child: TPose) => TPose) => (id: string) => TPose \",null
src/features/groups/composePose.ts,worldPoseLookup.adapter,param,adapter: PoseAdapter<TPose>,
src/features/groups/composePose.ts,worldPoseLookup.compose,param,"compose: (parent: TPose, child: TPose) => TPose",
src/features/groups/index.ts,Group,reexport,re-export from './types',
src/features/groups/index.ts,GroupAdapter,reexport,re-export from './types',
src/features/groups/index.ts,resolveToOutermostGroup,reexport,re-export from './resolve',
src/features/groups/index.ts,expandToLeaves,reexport,re-export from './resolve',
src/features/groups/index.ts,unionBounds,reexport,re-export from './unionBounds',
src/features/groups/index.ts,RectPose,reexport,re-export from './unionBounds',
src/features/groups/index.ts,withGroupOrdering,reexport,re-export from './orderedGroups',
src/features/groups/index.ts,createCreateGroupOp,reexport,re-export from './ops/createGroup',
src/features/groups/index.ts,createDissolveGroupOp,reexport,re-export from './ops/dissolveGroup',
src/features/groups/index.ts,createAddToGroupOp,reexport,re-export from './ops/addToGroup',
src/features/groups/index.ts,createRemoveFromGroupOp,reexport,re-export from './ops/removeFromGroup',
src/features/groups/ops/addToGroup.ts,createAddToGroupOp,function,(args: { groupId: string; ids: string[]; label?: string; }) => Op,Add ids to an existing group's member list.
src/features/groups/ops/addToGroup.ts,createAddToGroupOp.args,param,args: { groupId: string; ids: string[]; label?: string; },
src/features/groups/ops/createGroup.ts,createCreateGroupOp,function,(args: { group: Group; label?: string }) => Op,Insert a new virtual group.
src/features/groups/ops/createGroup.ts,createCreateGroupOp.args,param,args: { group: Group; label?: string },
src/features/groups/ops/dissolveGroup.ts,createDissolveGroupOp,function,(args: { group: Group; label?: string }) => Op,Remove a virtual group.
src/features/groups/ops/dissolveGroup.ts,createDissolveGroupOp.args,param,args: { group: Group; label?: string },
src/features/groups/ops/removeFromGroup.ts,createRemoveFromGroupOp,function,(args: { groupId: string; ids: string[]; label?: string; }) => Op,Remove ids from an existing group's member list.
src/features/groups/ops/removeFromGroup.ts,createRemoveFromGroupOp.args,param,args: { groupId: string; ids: string[]; label?: string; },
src/features/groups/orderedGroups.ts,withGroupOrdering,function,"(scene: T, groups: Pick<GroupAdapter, 'getGroup'>) => OrderedSceneShape",Compose a scene adapter's getChildren/setChildOrder with a group adapter so that parentId === <groupId> routes to the group's members[].
src/features/groups/orderedGroups.ts,withGroupOrdering.scene,param,scene: T,
src/features/groups/orderedGroups.ts,withGroupOrdering.groups,param,"groups: Pick<GroupAdapter, 'getGroup'>",
src/features/groups/resolve.ts,resolveToOutermostGroup,function,"(id: string, adapter: GroupAdapter) => string","Walks parent groups for id and returns the outermost ancestor group id, or id itself if it's not a member of any group."
src/features/groups/resolve.ts,resolveToOutermostGroup.id,param,id: string,
src/features/groups/resolve.ts,resolveToOutermostGroup.adapter,param,adapter: GroupAdapter,
src/features/groups/resolve.ts,expandToLeaves,function,"(ids: string[], adapter: GroupAdapter) => string[]","Given a list of ids (some of which may be groups), return the flattened list of leaf object ids by recursively expanding group memberships."
src/features/groups/resolve.ts,expandToLeaves.ids,param,ids: string[],
src/features/groups/resolve.ts,expandToLeaves.adapter,param,adapter: GroupAdapter,
src/features/groups/types.ts,Group,interface,"{ id, members }","A virtual group is identified by string id, same shape as scene objects."
src/features/groups/types.ts,Group.id,field,string,
src/features/groups/types.ts,Group.members,field,string[],Ordered member ids; can include other group ids (nesting).
src/features/groups/types.ts,GroupAdapter,interface,"{ getGroup, getGroupsForMember, insertGroup, removeGroup, addToGroup, removeFromGroup }",Adapter additions for groups.
src/features/groups/types.ts,GroupAdapter.getGroup,field,Group \,undefined
src/features/groups/types.ts,GroupAdapter.getGroupsForMember,field,string[],Return all groups this object is a *direct* member of (not transitive).
src/features/groups/types.ts,GroupAdapter.insertGroup,field,void,Insert a group record.
src/features/groups/types.ts,GroupAdapter.removeGroup,field,void,Remove a group record by id.
src/features/groups/types.ts,GroupAdapter.addToGroup,field,void,Append ids to a group's member list.
src/features/groups/types.ts,GroupAdapter.removeFromGroup,field,void,Remove ids from a group's member list.
src/features/groups/unionBounds.ts,RectPose,reexport,re-export of RectPose,
src/features/groups/unionBounds.ts,unionBounds,function,(poses: Iterable<TPose>) => RectPose \,null
src/features/groups/unionBounds.ts,unionBounds.poses,param,poses: Iterable<TPose>,
src/features/paths/bounds.ts,boundsOfPath,function,(path: Path) => RectPath,"AABB of a Path, returned as a RectPath for direct reuse with rect-fast-path machinery."
src/features/paths/bounds.ts,boundsOfPath.path,param,path: Path,
src/features/paths/builder.ts,PathBuilder,class,class,Fluent builder for PolygonPath; hides the Uint8Array/Float32Array encoding behind move/line/curve/close calls.
src/features/paths/builder.ts,PathBuilder#setFillRule,method,(rule: PathFillRule) => this,
src/features/paths/builder.ts,PathBuilder#setFillRule.rule,param,rule: PathFillRule,
src/features/paths/builder.ts,PathBuilder#moveTo,method,"(x: number, y: number) => this",
src/features/paths/builder.ts,PathBuilder#moveTo.x,param,x: number,
src/features/paths/builder.ts,PathBuilder#moveTo.y,param,y: number,
src/features/paths/builder.ts,PathBuilder#lineTo,method,"(x: number, y: number) => this",
src/features/paths/builder.ts,PathBuilder#lineTo.x,param,x: number,
src/features/paths/builder.ts,PathBuilder#lineTo.y,param,y: number,
src/features/paths/builder.ts,PathBuilder#curveTo,method,"(x1: number, y1: number, x2: number, y2: number, x: number, y: number) => this","Cubic bezier to (x, y) with control points (x1, y1) and (x2, y2)."
src/features/paths/builder.ts,PathBuilder#curveTo.x1,param,x1: number,
src/features/paths/builder.ts,PathBuilder#curveTo.y1,param,y1: number,
src/features/paths/builder.ts,PathBuilder#curveTo.x2,param,x2: number,
src/features/paths/builder.ts,PathBuilder#curveTo.y2,param,y2: number,
src/features/paths/builder.ts,PathBuilder#curveTo.x,param,x: number,
src/features/paths/builder.ts,PathBuilder#curveTo.y,param,y: number,
src/features/paths/builder.ts,PathBuilder#quadTo,method,"(x1: number, y1: number, x: number, y: number) => this","Quadratic bezier to (x, y) with control point (x1, y1)."
src/features/paths/builder.ts,PathBuilder#quadTo.x1,param,x1: number,
src/features/paths/builder.ts,PathBuilder#quadTo.y1,param,y1: number,
src/features/paths/builder.ts,PathBuilder#quadTo.x,param,x: number,
src/features/paths/builder.ts,PathBuilder#quadTo.y,param,y: number,
src/features/paths/builder.ts,PathBuilder#close,method,() => this,
src/features/paths/builder.ts,PathBuilder#build,method,() => PolygonPath,
src/features/paths/builder.ts,rectPath,function,"(x: number, y: number, width: number, height: number) => RectPath",Construct a RectPath (the fast-path subtype).
src/features/paths/builder.ts,rectPath.x,param,x: number,
src/features/paths/builder.ts,rectPath.y,param,y: number,
src/features/paths/builder.ts,rectPath.width,param,width: number,
src/features/paths/builder.ts,rectPath.height,param,height: number,
src/features/paths/builder.ts,polygonFromPoints,function,"(points: readonly { x: number; y: number }[], opts: { fillRule?: PathFillRule } = {}) => PolygonPath",Build a closed polygon from a flat list of points.
src/features/paths/builder.ts,polygonFromPoints.points,param,points: readonly { x: number; y: number }[],
src/features/paths/builder.ts,polygonFromPoints.opts,param,opts: { fillRule?: PathFillRule } = {},
src/features/paths/canvas.ts,traceToContext,function,"(ctx: CanvasRenderingContext2D, path: Path) => void",Walk a Path command stream and emit it onto a Canvas2D context (caller fills/strokes/clips).
src/features/paths/canvas.ts,traceToContext.ctx,param,ctx: CanvasRenderingContext2D,
src/features/paths/canvas.ts,traceToContext.path,param,path: Path,
src/features/paths/compose.ts,composePath,function,"(parent: Path, child: Path) => Path",Express child (in parent's local frame) in the next frame up.
src/features/paths/compose.ts,composePath.parent,param,parent: Path,
src/features/paths/compose.ts,composePath.child,param,child: Path,
src/features/paths/compose.ts,decomposePath,function,"(parent: Path, world: Path) => Path",Inverse of composePath — undo parent's translation from a world pose.
src/features/paths/compose.ts,decomposePath.parent,param,parent: Path,
src/features/paths/compose.ts,decomposePath.world,param,world: Path,
src/features/paths/flatten.ts,DEFAULT_FLATTEN_TOLERANCE,const,0.5,Bezier flattening — subdivide cubic and quadratic segments into polyline approximations within a flatness tolerance.
src/features/paths/flatten.ts,flattenCubic,function,"(x0: number, y0: number, x1: number, y1: number, x2: number, y2: number, x3: number, y3: number, tolerance: number, out: number[]) => void","Recursively subdivide a cubic bezier (P0..P3) and append lineTo-style vertices to out (interleaved x,y)."
src/features/paths/flatten.ts,flattenCubic.x0,param,x0: number,
src/features/paths/flatten.ts,flattenCubic.y0,param,y0: number,
src/features/paths/flatten.ts,flattenCubic.x1,param,x1: number,
src/features/paths/flatten.ts,flattenCubic.y1,param,y1: number,
src/features/paths/flatten.ts,flattenCubic.x2,param,x2: number,
src/features/paths/flatten.ts,flattenCubic.y2,param,y2: number,
src/features/paths/flatten.ts,flattenCubic.x3,param,x3: number,
src/features/paths/flatten.ts,flattenCubic.y3,param,y3: number,
src/features/paths/flatten.ts,flattenCubic.tolerance,param,tolerance: number,
src/features/paths/flatten.ts,flattenCubic.out,param,out: number[],
src/features/paths/flatten.ts,flattenQuadratic,function,"(x0: number, y0: number, x1: number, y1: number, x2: number, y2: number, tolerance: number, out: number[]) => void","Recursively subdivide a quadratic bezier (P0, P1, P2)."
src/features/paths/flatten.ts,flattenQuadratic.x0,param,x0: number,
src/features/paths/flatten.ts,flattenQuadratic.y0,param,y0: number,
src/features/paths/flatten.ts,flattenQuadratic.x1,param,x1: number,
src/features/paths/flatten.ts,flattenQuadratic.y1,param,y1: number,
src/features/paths/flatten.ts,flattenQuadratic.x2,param,x2: number,
src/features/paths/flatten.ts,flattenQuadratic.y2,param,y2: number,
src/features/paths/flatten.ts,flattenQuadratic.tolerance,param,tolerance: number,
src/features/paths/flatten.ts,flattenQuadratic.out,param,out: number[],
src/features/paths/hitTest.ts,PointInPathOptions,interface,{ tolerance },Options for pointInPath.
src/features/paths/hitTest.ts,PointInPathOptions.tolerance?,field,number,Bezier flattening tolerance in world units.
src/features/paths/hitTest.ts,pointInPath,function,"(path: Path, x: number, y: number, opts: PointInPathOptions = {}) => boolean",Filled-region hit-test for a Path.
src/features/paths/hitTest.ts,pointInPath.path,param,path: Path,
src/features/paths/hitTest.ts,pointInPath.x,param,x: number,
src/features/paths/hitTest.ts,pointInPath.y,param,y: number,
src/features/paths/hitTest.ts,pointInPath.opts,param,opts: PointInPathOptions = {},
src/features/paths/index.ts,PATH_C,reexport,re-export from './types',
src/features/paths/index.ts,PATH_L,reexport,re-export from './types',
src/features/paths/index.ts,PATH_M,reexport,re-export from './types',
src/features/paths/index.ts,PATH_Q,reexport,re-export from './types',
src/features/paths/index.ts,PATH_Z,reexport,re-export from './types',
src/features/paths/index.ts,PATH_CMD_LENGTHS,reexport,re-export from './types',
src/features/paths/index.ts,Path,reexport,re-export from './types',
src/features/paths/index.ts,PolygonPath,reexport,re-export from './types',
src/features/paths/index.ts,RectPath,reexport,re-export from './types',
src/features/paths/index.ts,PathFillRule,reexport,re-export from './types',
src/features/paths/index.ts,PathBuilder,reexport,re-export from './builder',
src/features/paths/index.ts,polygonFromPoints,reexport,re-export from './builder',
src/features/paths/index.ts,rectPath,reexport,re-export from './builder',
src/features/paths/index.ts,boundsOfPath,reexport,re-export from './bounds',
src/features/paths/index.ts,pointInPath,reexport,re-export from './hitTest',
src/features/paths/index.ts,PointInPathOptions,reexport,re-export from './hitTest',
src/features/paths/index.ts,translatePath,reexport,re-export from './transform',
src/features/paths/index.ts,translatePolygonInPlace,reexport,re-export from './transform',
src/features/paths/index.ts,scalePathToBounds,reexport,re-export from './transform',
src/features/paths/index.ts,traceToContext,reexport,re-export from './canvas',
src/features/paths/index.ts,createPathLayer,reexport,re-export from './pathLayer',
src/features/paths/index.ts,CreatePathLayerOpts,reexport,re-export from './pathLayer',
src/features/paths/index.ts,flattenCubic,reexport,re-export from './flatten',
src/features/paths/index.ts,flattenQuadratic,reexport,re-export from './flatten',
src/features/paths/index.ts,DEFAULT_FLATTEN_TOLERANCE,reexport,re-export from './flatten',
src/features/paths/index.ts,composePath,reexport,re-export from './compose',
src/features/paths/index.ts,decomposePath,reexport,re-export from './compose',
src/features/paths/index.ts,unionBoundsPath,reexport,re-export from './unionBoundsPath',
src/features/paths/index.ts,pathPoseDescriptor,reexport,re-export from './poseDescriptor',
src/features/paths/index.ts,pathOriginProjection,reexport,re-export from './originProjection',
src/features/paths/index.ts,createPenPreviewLayer,reexport,re-export from './penPreviewLayer',
src/features/paths/index.ts,CreatePenPreviewLayerOptions,reexport,re-export from './penPreviewLayer',
src/features/paths/index.ts,PenPreviewStyle,reexport,re-export from './penPreviewLayer',
src/features/paths/originProjection.ts,pathOriginProjection,const,OriginProjection<Path>,OriginProjection for Path poses.
src/features/paths/pathLayer.ts,CreatePathLayerOpts,interface,"{ id, label, getNodes, getPath, getFill, getStroke, isHidden }",Options for createPathLayer.
src/features/paths/pathLayer.ts,CreatePathLayerOpts.id?,field,string,
src/features/paths/pathLayer.ts,CreatePathLayerOpts.label?,field,string,
src/features/paths/pathLayer.ts,CreatePathLayerOpts.getNodes,field,() => readonly T[],
src/features/paths/pathLayer.ts,CreatePathLayerOpts.getPath,field,(node: T) => Path,
src/features/paths/pathLayer.ts,CreatePathLayerOpts.getFill?,field,(node: T) => Paint \,null \
src/features/paths/pathLayer.ts,CreatePathLayerOpts.getStroke?,field,(node: T) => Stroke \,null \
src/features/paths/pathLayer.ts,CreatePathLayerOpts.isHidden?,field,(node: T) => boolean,"Optional per-node hide hook (e.g., suppress while editing)."
src/features/paths/pathLayer.ts,createPathLayer,function,(opts: CreatePathLayerOpts<T>) => RenderLayer<unknown>,Build a RenderLayer that fills/strokes Path instances enumerated from a node list.
src/features/paths/pathLayer.ts,createPathLayer.opts,param,opts: CreatePathLayerOpts<T>,
src/features/paths/penPreviewLayer.ts,PenPreviewStyle,interface,"{ anchorFill, anchorStroke, handleStroke, rubberBandStroke, closeHintFill, finishedSubpathStroke }",
src/features/paths/penPreviewLayer.ts,PenPreviewStyle.anchorFill?,field,string,
src/features/paths/penPreviewLayer.ts,PenPreviewStyle.anchorStroke?,field,string,
src/features/paths/penPreviewLayer.ts,PenPreviewStyle.handleStroke?,field,string,
src/features/paths/penPreviewLayer.ts,PenPreviewStyle.rubberBandStroke?,field,string,
src/features/paths/penPreviewLayer.ts,PenPreviewStyle.closeHintFill?,field,string,
src/features/paths/penPreviewLayer.ts,PenPreviewStyle.finishedSubpathStroke?,field,string,
src/features/paths/penPreviewLayer.ts,CreatePenPreviewLayerOptions,interface,"{ penTool, style }",
src/features/paths/penPreviewLayer.ts,CreatePenPreviewLayerOptions.penTool,field,Tool<PenScratch>,The Tool returned by useUserPenTool.
src/features/paths/penPreviewLayer.ts,CreatePenPreviewLayerOptions.style?,field,PenPreviewStyle,
src/features/paths/penPreviewLayer.ts,createPenPreviewLayer,function,(opts: CreatePenPreviewLayerOptions) => RenderLayer<unknown>,
src/features/paths/penPreviewLayer.ts,createPenPreviewLayer.opts,param,opts: CreatePenPreviewLayerOptions,
src/features/paths/poseDescriptor.ts,pathPoseDescriptor,const,PoseDescriptor<Path>,PoseDescriptor for Path poses — wires useResize to operate on Path directly.
src/features/paths/transform.ts,translatePath,function,"(path: Path, dx: number, dy: number) => Path","Translate a path by (dx, dy)."
src/features/paths/transform.ts,translatePath.path,param,path: Path,
src/features/paths/transform.ts,translatePath.dx,param,dx: number,
src/features/paths/transform.ts,translatePath.dy,param,dy: number,
src/features/paths/transform.ts,translatePolygonInPlace,function,"(path: PolygonPath, dx: number, dy: number) => PolygonPath",Translate a polygon path's coords *in place*.
src/features/paths/transform.ts,translatePolygonInPlace.path,param,path: PolygonPath,
src/features/paths/transform.ts,translatePolygonInPlace.dx,param,dx: number,
src/features/paths/transform.ts,translatePolygonInPlace.dy,param,dy: number,
src/features/paths/transform.ts,scalePathToBounds,function,"(path: Path, target: RectPath) => Path",Scale a path's coords so its current AABB maps to target.
src/features/paths/transform.ts,scalePathToBounds.path,param,path: Path,
src/features/paths/transform.ts,scalePathToBounds.target,param,target: RectPath,
src/features/paths/types.ts,PATH_M,const,0,Command code: moveTo.
src/features/paths/types.ts,PATH_L,const,1,Command code: lineTo.
src/features/paths/types.ts,PATH_C,const,2,Command code: cubic bezier (bezierCurveTo).
src/features/paths/types.ts,PATH_Q,const,3,Command code: quadratic bezier (quadraticCurveTo).
src/features/paths/types.ts,PATH_Z,const,4,Command code: close subpath.
src/features/paths/types.ts,PATH_CMD_LENGTHS,const,readonly number[],"Float coords consumed by each command, indexed by command code."
src/features/paths/types.ts,PathFillRule,type,'nonzero' \,'evenodd'
src/features/paths/types.ts,PolygonPath,interface,"{ kind, commands, coords, fillRule }",Polygon path with arbitrary contours and optional bezier segments.
src/features/paths/types.ts,PolygonPath.kind,field,'polygon',
src/features/paths/types.ts,PolygonPath.commands,field,Uint8Array,
src/features/paths/types.ts,PolygonPath.coords,field,Float32Array,
src/features/paths/types.ts,PolygonPath.fillRule,field,PathFillRule,
src/features/paths/types.ts,RectPath,interface,"{ kind, x, y, width, height }",Axis-aligned rectangle.
src/features/paths/types.ts,RectPath.kind,field,'rect',
src/features/paths/types.ts,RectPath.x,field,number,
src/features/paths/types.ts,RectPath.y,field,number,
src/features/paths/types.ts,RectPath.width,field,number,
src/features/paths/types.ts,RectPath.height,field,number,
src/features/paths/types.ts,Path,type,PolygonPath \,RectPath
src/features/paths/unionBoundsPath.ts,unionBoundsPath,function,(paths: Iterable<Path>) => RectPath \,null
src/features/paths/unionBoundsPath.ts,unionBoundsPath.paths,param,paths: Iterable<Path>,
src/features/patterns/index.ts,TilePatternOpts,interface,"{ size, draw }",Options for createTilePattern.
src/features/patterns/index.ts,TilePatternOpts.size,field,number,Edge length (in pixels) of the square offscreen tile.
src/features/patterns/index.ts,TilePatternOpts.draw,field,"(oc: CanvasRenderingContext2D, size: number) => void","Paint one tile at integer-pixel coordinates (0, 0) .."
src/features/patterns/index.ts,createTilePattern,function,"(ctx: CanvasRenderingContext2D, opts: TilePatternOpts) => CanvasPattern \",null
src/features/patterns/index.ts,createTilePattern.ctx,param,ctx: CanvasRenderingContext2D,
src/features/patterns/index.ts,createTilePattern.opts,param,opts: TilePatternOpts,
src/features/patterns/patterns-builtin.ts,HatchParams,interface,"{ color, size, lineWidth }",Diagonal hatch (forward slash).
src/features/patterns/patterns-builtin.ts,HatchParams.color,field,string,
src/features/patterns/patterns-builtin.ts,HatchParams.size?,field,number,
src/features/patterns/patterns-builtin.ts,HatchParams.lineWidth?,field,number,
src/features/patterns/patterns-builtin.ts,hatch,function,"(ctx: CanvasRenderingContext2D, params: HatchParams) => CanvasPattern \",null
src/features/patterns/patterns-builtin.ts,hatch.ctx,param,ctx: CanvasRenderingContext2D,
src/features/patterns/patterns-builtin.ts,hatch.params,param,params: HatchParams,
src/features/patterns/patterns-builtin.ts,CrosshatchParams,interface,"{ color, size, lineWidth }",Diagonal hatch in both directions.
src/features/patterns/patterns-builtin.ts,CrosshatchParams.color,field,string,
src/features/patterns/patterns-builtin.ts,CrosshatchParams.size?,field,number,
src/features/patterns/patterns-builtin.ts,CrosshatchParams.lineWidth?,field,number,
src/features/patterns/patterns-builtin.ts,crosshatch,function,"(ctx: CanvasRenderingContext2D, params: CrosshatchParams) => CanvasPattern \",null
src/features/patterns/patterns-builtin.ts,crosshatch.ctx,param,ctx: CanvasRenderingContext2D,
src/features/patterns/patterns-builtin.ts,crosshatch.params,param,params: CrosshatchParams,
src/features/patterns/patterns-builtin.ts,DotsParams,interface,"{ color, size, radius }",Regular grid of filled dots.
src/features/patterns/patterns-builtin.ts,DotsParams.color,field,string,
src/features/patterns/patterns-builtin.ts,DotsParams.size?,field,number,
src/features/patterns/patterns-builtin.ts,DotsParams.radius?,field,number,
src/features/patterns/patterns-builtin.ts,dots,function,"(ctx: CanvasRenderingContext2D, params: DotsParams) => CanvasPattern \",null
src/features/patterns/patterns-builtin.ts,dots.ctx,param,ctx: CanvasRenderingContext2D,
src/features/patterns/patterns-builtin.ts,dots.params,param,params: DotsParams,
src/features/patterns/patterns-builtin.ts,ChunksParams,interface,"{ color, bg, size, density, chunkSize, seed }",Random scatter of small ellipses on top of a solid background.
src/features/patterns/patterns-builtin.ts,ChunksParams.color,field,string,
src/features/patterns/patterns-builtin.ts,ChunksParams.bg?,field,string,
src/features/patterns/patterns-builtin.ts,ChunksParams.size?,field,number,
src/features/patterns/patterns-builtin.ts,ChunksParams.density?,field,number,Coverage: chunks * chunkSize² per size² tile.
src/features/patterns/patterns-builtin.ts,ChunksParams.chunkSize?,field,number,
src/features/patterns/patterns-builtin.ts,ChunksParams.seed?,field,number,
src/features/patterns/patterns-builtin.ts,chunks,function,"(ctx: CanvasRenderingContext2D, params: ChunksParams) => CanvasPattern \",null
src/features/patterns/patterns-builtin.ts,chunks.ctx,param,ctx: CanvasRenderingContext2D,
src/features/patterns/patterns-builtin.ts,chunks.params,param,params: ChunksParams,
src/features/selection/overlay.ts,ComposeSelectionPoseOpts,interface,"{ moveOverlay, resizeOverlay, getStoredPose, getBounds, fromBounds, groupAdapter }",Options for composeSelectionPose.
src/features/selection/overlay.ts,ComposeSelectionPoseOpts.moveOverlay?,field,"{ poses: Map<string, TPose> } \",null
src/features/selection/overlay.ts,ComposeSelectionPoseOpts.resizeOverlay?,field,"{ id: string; currentPose: TPose; leafPoses?: Map<string, TPose>; } \",null
src/features/selection/overlay.ts,ComposeSelectionPoseOpts.getStoredPose,field,(id: string) => TPose,Fallback pose lookup (typically the stored/committed pose).
src/features/selection/overlay.ts,ComposeSelectionPoseOpts.getBounds?,field,(pose: TPose) => Bounds,Project a pose into its AABB.
src/features/selection/overlay.ts,ComposeSelectionPoseOpts.fromBounds?,field,(bounds: Bounds) => TPose,Wrap an AABB back into a TPose.
src/features/selection/overlay.ts,ComposeSelectionPoseOpts.groupAdapter?,field,GroupAdapter,Optional group adapter.
src/features/selection/overlay.ts,composeSelectionPose,function,(opts: ComposeSelectionPoseOpts<TPose>) => (id: string) => TPose \,null
src/features/selection/overlay.ts,composeSelectionPose.opts,param,opts: ComposeSelectionPoseOpts<TPose>,
src/features/selection/overlay.ts,SelectionOutlineLayerOpts,interface,{ outline },Options for createSelectionOutlineLayer.
src/features/selection/overlay.ts,SelectionOutlineLayerOpts.outline?,field,Stroke & { pad?: number },Outline stroke style + outset distance from the pose rect.
src/features/selection/overlay.ts,SelectionHandlesLayerOpts,interface,"{ handles, handlesOf, rotationHandle }",Options for createSelectionHandlesLayer.
src/features/selection/overlay.ts,SelectionHandlesLayerOpts.handles?,field,{ size?: number; fill?: Paint; outline?: Stroke; },Handle visuals.
src/features/selection/overlay.ts,SelectionHandlesLayerOpts.handlesOf?,field,(bounds: Bounds) => { x: number; y: number }[],Override handle placement.
src/features/selection/overlay.ts,SelectionHandlesLayerOpts.rotationHandle?,field,\,boolean \
src/features/selection/overlay.ts,SelectionOverlayLayerOpts,interface,"{ outline, handles, handlesOf, rotationHandle }",Options for createSelectionOverlayLayer.
src/features/selection/overlay.ts,SelectionOverlayLayerOpts.outline?,field,Stroke & { pad?: number },
src/features/selection/overlay.ts,SelectionOverlayLayerOpts.handles?,field,\,{ size?: number; fill?: Paint; outline?: Stroke; } \
src/features/selection/overlay.ts,SelectionOverlayLayerOpts.handlesOf?,field,(bounds: Bounds) => { x: number; y: number }[],
src/features/selection/overlay.ts,SelectionOverlayLayerOpts.rotationHandle?,field,\,boolean \
src/features/selection/overlay.ts,createSelectionOutlineLayer,function,(opts: SelectionOutlineLayerOpts<TPose>) => RenderLayer<unknown>,RenderLayer that draws selection outlines only.
src/features/selection/overlay.ts,createSelectionOutlineLayer.opts,param,opts: SelectionOutlineLayerOpts<TPose>,
src/features/selection/overlay.ts,createSelectionHandlesLayer,function,(opts: SelectionHandlesLayerOpts<TPose>) => RenderLayer<unknown>,RenderLayer that draws selection handles only.
src/features/selection/overlay.ts,createSelectionHandlesLayer.opts,param,opts: SelectionHandlesLayerOpts<TPose>,
src/features/selection/overlay.ts,createSelectionOverlayLayer,function,(opts: SelectionOverlayLayerOpts<TPose>) => RenderLayer<unknown>,Convenience wrapper that draws outlines then handles in a single layer.
src/features/selection/overlay.ts,createSelectionOverlayLayer.opts,param,opts: SelectionOverlayLayerOpts<TPose>,
src/features/selection/useSelection.ts,SelectionMode,type,'single' \,'multi'
src/features/selection/useSelection.ts,SelectionExtendKey,type,'shift' \,'meta' \
src/features/selection/useSelection.ts,SelectionApi,interface,"{ current, get, set, add, remove, toggle, clear, contains, applyClick, adapterMethods }",API returned by {@link useSelection}.
src/features/selection/useSelection.ts,SelectionApi.current,field,string[],Current selection.
src/features/selection/useSelection.ts,SelectionApi.get,field,string[],Imperative read for use inside event callbacks (avoids stale closures).
src/features/selection/useSelection.ts,SelectionApi.set,field,void,Replace selection.
src/features/selection/useSelection.ts,SelectionApi.add,field,void,Add id (multi-mode appends; single-mode replaces).
src/features/selection/useSelection.ts,SelectionApi.remove,field,void,Remove id from selection.
src/features/selection/useSelection.ts,SelectionApi.toggle,field,void,Toggle id in/out of selection.
src/features/selection/useSelection.ts,SelectionApi.clear,field,void,Clear selection.
src/features/selection/useSelection.ts,SelectionApi.contains,field,boolean,True if id is selected.
src/features/selection/useSelection.ts,SelectionApi.applyClick,field,void,Apply a click to the selection per the configured mode/extend key.
src/features/selection/useSelection.ts,SelectionApi.adapterMethods,field,{ getSelection: () => string[]; setSelection: (ids: string[]) => void; },Pre-built methods for spreading into an adapter that needs them.
src/features/selection/useSelection.ts,UseSelectionOptions,interface,"{ mode, extend, initial }",Options for {@link useSelection}.
src/features/selection/useSelection.ts,UseSelectionOptions.mode?,field,SelectionMode,Default 'single'.
src/features/selection/useSelection.ts,UseSelectionOptions.extend?,field,SelectionExtendKey,Default 'shift'.
src/features/selection/useSelection.ts,UseSelectionOptions.initial?,field,string[],Default [].
src/features/selection/useSelection.ts,useSelection,hook,(opts: UseSelectionOptions = {}) => SelectionApi,"Default implementation of the getSelection / setSelection adapter contract every action hook (delete, duplicate, nudge, group, ...) requires."
src/features/selection/useSelection.ts,useSelection.opts,param,opts: UseSelectionOptions = {},
src/features/text/fitTextPose.ts,FitTextPoseOptions,interface,"{ axis, padding }",Options for fitTextPose.
src/features/text/fitTextPose.ts,FitTextPoseOptions.axis?,field,'height' \,'both'
src/features/text/fitTextPose.ts,FitTextPoseOptions.padding?,field,number \,{ x?: number; y?: number }
src/features/text/fitTextPose.ts,fitTextPose,function,"(pose: TextPose, opts: FitTextPoseOptions = {}) => TextPose","Recompute a TextPose's width/height to fit its content; pure helper, doesn't mutate scene state."
src/features/text/fitTextPose.ts,fitTextPose.pose,param,pose: TextPose,
src/features/text/fitTextPose.ts,fitTextPose.opts,param,opts: FitTextPoseOptions = {},
src/features/text/hitTest.ts,PointInTextPoseOpts,interface,{ padding },Options for pointInTextPose.
src/features/text/hitTest.ts,PointInTextPoseOpts.padding?,field,number,Extra padding (world units) added to the rect on all sides.
src/features/text/hitTest.ts,pointInTextPose,function,"(x: number, y: number, pose: TextPose, opts: PointInTextPoseOpts = {}) => boolean",Coarse pose-rect hit-test for a text node — suitable for click-to-edit dispatch.
src/features/text/hitTest.ts,pointInTextPose.x,param,x: number,
src/features/text/hitTest.ts,pointInTextPose.y,param,y: number,
src/features/text/hitTest.ts,pointInTextPose.pose,param,pose: TextPose,
src/features/text/hitTest.ts,pointInTextPose.opts,param,opts: PointInTextPoseOpts = {},
src/features/text/hitTest.ts,caretIndexAt,function,"(x: number, y: number, pose: TextPose, opts: CaretIndexAtOpts = {}) => number",Map a world-space point inside pose to a character offset into pose.text (0..text.length).
src/features/text/hitTest.ts,caretIndexAt.x,param,x: number,
src/features/text/hitTest.ts,caretIndexAt.y,param,y: number,
src/features/text/hitTest.ts,caretIndexAt.pose,param,pose: TextPose,
src/features/text/markdownText.ts,StyledRun,interface,"{ text, bold, italic, sizeFactor }",A contiguous styled span of text produced by parseMarkdownRuns.
src/features/text/markdownText.ts,StyledRun.text,field,string,
src/features/text/markdownText.ts,StyledRun.bold,field,boolean,
src/features/text/markdownText.ts,StyledRun.italic,field,boolean,
src/features/text/markdownText.ts,StyledRun.sizeFactor,field,number,Multiplicative size factor applied to the base fontSize (default 1).
src/features/text/markdownText.ts,DEFAULT_SIZE_STEP,const,1.15,Default multiplicative step for [/(/]/) size markup in parseMarkdownRuns.
src/features/text/markdownText.ts,ParseMarkdownRunsOptions,interface,{ sizeStep },Options for parseMarkdownRuns.
src/features/text/markdownText.ts,ParseMarkdownRunsOptions.sizeStep?,field,number,Multiplier applied per [ (and divided per ().
src/features/text/markdownText.ts,parseMarkdownRuns,function,"(input: string, opts: ParseMarkdownRunsOptions = {}) => StyledRun[]","Tokenize a small markdown subset (*italic*, **bold**, ***both***, [bigger], (smaller)) into styled runs."
src/features/text/markdownText.ts,parseMarkdownRuns.input,param,input: string,
src/features/text/markdownText.ts,parseMarkdownRuns.opts,param,opts: ParseMarkdownRunsOptions = {},
src/features/text/markdownText.ts,MeasureFn,type,"(text: string, fontSize: number, bold: boolean, italic: boolean) => number",Width-measurement strategy for layoutMarkdown; canvas-backed default supplied by createMarkdownRenderer.
src/features/text/markdownText.ts,PositionedRun,interface,{ x },A StyledRun with its computed x-offset relative to the start of its line.
src/features/text/markdownText.ts,PositionedRun.x,field,number,
src/features/text/markdownText.ts,LayoutLine,interface,"{ runs, width, height }","A single laid-out line of text: its positioned runs, total width, and computed line height."
src/features/text/markdownText.ts,LayoutLine.runs,field,PositionedRun[],
src/features/text/markdownText.ts,LayoutLine.width,field,number,
src/features/text/markdownText.ts,LayoutLine.height,field,number,
src/features/text/markdownText.ts,LayoutResult,interface,"{ lines, width, height }",Output of layoutMarkdown: per-line breakdown plus overall block dimensions.
src/features/text/markdownText.ts,LayoutResult.lines,field,LayoutLine[],
src/features/text/markdownText.ts,LayoutResult.width,field,number,
src/features/text/markdownText.ts,LayoutResult.height,field,number,
src/features/text/markdownText.ts,layoutMarkdown,function,"(runs: StyledRun[], maxWidth: number, fontSize: number, measure: MeasureFn, lineHeightFactor: number = 1.3) => LayoutResult",Word-wrap parsed runs into lines bounded by maxWidth; pass Infinity for single-line layout.
src/features/text/markdownText.ts,layoutMarkdown.runs,param,runs: StyledRun[],
src/features/text/markdownText.ts,layoutMarkdown.maxWidth,param,maxWidth: number,
src/features/text/markdownText.ts,layoutMarkdown.fontSize,param,fontSize: number,
src/features/text/markdownText.ts,layoutMarkdown.measure,param,measure: MeasureFn,
src/features/text/markdownText.ts,layoutMarkdown.lineHeightFactor,param,lineHeightFactor: number = 1.3,
src/features/text/markdownText.ts,MarkdownFontOptions,interface,"{ family, weight, color, lineHeight, sizeStep }",Font styling options threaded through createMarkdownRenderer.
src/features/text/markdownText.ts,MarkdownFontOptions.family?,field,string,Font-family spec (e.g.
src/features/text/markdownText.ts,MarkdownFontOptions.weight?,field,string \,number
src/features/text/markdownText.ts,MarkdownFontOptions.color?,field,string,Override fill color.
src/features/text/markdownText.ts,MarkdownFontOptions.lineHeight?,field,number,Multiplier applied to font size for line height.
src/features/text/markdownText.ts,MarkdownFontOptions.sizeStep?,field,number,Multiplicative step for [/(/]/) size markup in markdown parsing.
src/features/text/markdownText.ts,createMarkdownRenderer,function,"(ctx: CanvasRenderingContext2D, text: string, fontSize: number, maxWidth: number = Infinity, fontOpts: MarkdownFontOptions = {}) => { renderer: TextRenderer; strokeRenderer: TextRenderer; width: number; height: number }",Build a fill+stroke TextRenderer pair for a markdown string at the given size; pre-computes layout once.
src/features/text/markdownText.ts,createMarkdownRenderer.ctx,param,ctx: CanvasRenderingContext2D,
src/features/text/markdownText.ts,createMarkdownRenderer.text,param,text: string,
src/features/text/markdownText.ts,createMarkdownRenderer.fontSize,param,fontSize: number,
src/features/text/markdownText.ts,createMarkdownRenderer.maxWidth,param,maxWidth: number = Infinity,
src/features/text/markdownText.ts,createMarkdownRenderer.fontOpts,param,fontOpts: MarkdownFontOptions = {},
src/features/text/measureText.ts,MeasuredText,interface,"{ lines, lineStarts, height }","Result of measureText: wrapped lines, per-line source offsets, and total block height."
src/features/text/measureText.ts,MeasuredText.lines,field,string[],
src/features/text/measureText.ts,MeasuredText.lineStarts,field,number[],
src/features/text/measureText.ts,MeasuredText.height,field,number,
src/features/text/measureText.ts,measureText,function,"(ctx: CanvasRenderingContext2D, text: string, maxWidth: number, style: ResolvedTextStyle) => MeasuredText",Greedy word-wrap text measurement against maxWidth; preserves explicit \n breaks.
src/features/text/measureText.ts,measureText.ctx,param,ctx: CanvasRenderingContext2D,
src/features/text/measureText.ts,measureText.text,param,text: string,
src/features/text/measureText.ts,measureText.maxWidth,param,maxWidth: number,
src/features/text/measureText.ts,measureText.style,param,style: ResolvedTextStyle,
src/features/text/renderLabel.ts,TextRenderer,type,"( ctx: CanvasRenderingContext2D, text: string, x: number, y: number, ) => void",Pluggable text-painting strategy.
src/features/text/renderLabel.ts,LabelOptions,interface,"{ align, fontSize, renderText, width, height, padX, padY, cornerRadius }",Visual options for renderLabel.
src/features/text/renderLabel.ts,LabelOptions.align?,field,'center' \,'left'
src/features/text/renderLabel.ts,LabelOptions.fontSize?,field,number,
src/features/text/renderLabel.ts,LabelOptions.renderText?,field,TextRenderer,
src/features/text/renderLabel.ts,LabelOptions.width?,field,number,"Override the pill width (content width, excluding padding)."
src/features/text/renderLabel.ts,LabelOptions.height?,field,number,"Override the pill height (content height, excluding padding)."
src/features/text/renderLabel.ts,LabelOptions.padX?,field,number,Horizontal padding inside the pill.
src/features/text/renderLabel.ts,LabelOptions.padY?,field,number,Vertical padding inside the pill.
src/features/text/renderLabel.ts,LabelOptions.cornerRadius?,field,number,Corner radius of the pill background.
src/features/text/renderLabel.ts,renderLabel,function,"(ctx: CanvasRenderingContext2D, text: string, x: number, y: number, options: LabelOptions = {}) => void",Render a text label with a 75%-opaque black pill background and white text.
src/features/text/renderLabel.ts,renderLabel.ctx,param,ctx: CanvasRenderingContext2D,
src/features/text/renderLabel.ts,renderLabel.text,param,text: string,
src/features/text/renderLabel.ts,renderLabel.x,param,x: number,
src/features/text/renderLabel.ts,renderLabel.y,param,y: number,
src/features/text/renderLabel.ts,renderLabel.options,param,options: LabelOptions = {},
src/features/text/renderLabel.ts,defaultLabelTextRenderer,function,"(ctx, text, x, y)","Default TextRenderer used by renderLabel: white fill, no styling."
src/features/text/renderLabel.ts,defaultLabelTextRenderer.ctx,param,ctx,
src/features/text/renderLabel.ts,defaultLabelTextRenderer.text,param,text,
src/features/text/renderLabel.ts,defaultLabelTextRenderer.x,param,x,
src/features/text/renderLabel.ts,defaultLabelTextRenderer.y,param,y,
src/features/text/textLayer.ts,TextPose,interface,"{ x, y, width, height, text, style }",Pose for a text node: bounding rect plus the text and optional style.
src/features/text/textLayer.ts,TextPose.x,field,number,
src/features/text/textLayer.ts,TextPose.y,field,number,
src/features/text/textLayer.ts,TextPose.width,field,number,
src/features/text/textLayer.ts,TextPose.height,field,number,
src/features/text/textLayer.ts,TextPose.text,field,string,
src/features/text/textLayer.ts,TextPose.style?,field,TextStyle,
src/features/text/textLayer.ts,CreateTextLayerOpts,interface,"{ id, label, getTexts, getPose, isHidden }",Options for createTextLayer.
src/features/text/textLayer.ts,CreateTextLayerOpts.id?,field,string,
src/features/text/textLayer.ts,CreateTextLayerOpts.label?,field,string,
src/features/text/textLayer.ts,CreateTextLayerOpts.getTexts,field,() => readonly T[],
src/features/text/textLayer.ts,CreateTextLayerOpts.getPose,field,(node: T) => TextPose,
src/features/text/textLayer.ts,CreateTextLayerOpts.isHidden?,field,(node: T) => boolean,"Optional per-node hide hook (e.g., suppress while editing)."
src/features/text/textLayer.ts,createTextLayer,function,(opts: CreateTextLayerOpts<T>) => RenderLayer<unknown>,Build a RenderLayer that draws text nodes using their TextPose and resolved style.
src/features/text/textLayer.ts,createTextLayer.opts,param,opts: CreateTextLayerOpts<T>,
src/features/text/textStyle.ts,TextStyle,interface,"{ fontSize, fontFamily, fontWeight, fontStyle, align, lineHeight, fill, caretColor, selectionBackground, selectionColor }",User-facing text style.
src/features/text/textStyle.ts,TextStyle.fontSize?,field,number,Font size in world units.
src/features/text/textStyle.ts,TextStyle.fontFamily?,field,string,Default 'sans-serif'.
src/features/text/textStyle.ts,TextStyle.fontWeight?,field,number \,string
src/features/text/textStyle.ts,TextStyle.fontStyle?,field,'normal' \,'italic'
src/features/text/textStyle.ts,TextStyle.align?,field,'left' \,'center' \
src/features/text/textStyle.ts,TextStyle.lineHeight?,field,number,Multiplier applied to fontSize.
src/features/text/textStyle.ts,TextStyle.fill?,field,Paint,"Default { fill: 'solid', color: '#000' }."
src/features/text/textStyle.ts,TextStyle.caretColor?,field,string,Caret color used by the edit overlay.
src/features/text/textStyle.ts,TextStyle.selectionBackground?,field,string,Selection background color used by the edit overlay's ::selection pseudo-element.
src/features/text/textStyle.ts,TextStyle.selectionColor?,field,string,Selection text color paired with selectionBackground.
src/features/text/textStyle.ts,ResolvedTextStyle,interface,"{ fontSize, fontFamily, fontWeight, fontStyle, align, lineHeight, fill, caretColor, selectionBackground, selectionColor }",TextStyle with all fields filled in from defaults — what the renderer actually consumes.
src/features/text/textStyle.ts,ResolvedTextStyle.fontSize,field,number,
src/features/text/textStyle.ts,ResolvedTextStyle.fontFamily,field,string,
src/features/text/textStyle.ts,ResolvedTextStyle.fontWeight,field,number \,string
src/features/text/textStyle.ts,ResolvedTextStyle.fontStyle,field,'normal' \,'italic'
src/features/text/textStyle.ts,ResolvedTextStyle.align,field,'left' \,'center' \
src/features/text/textStyle.ts,ResolvedTextStyle.lineHeight,field,number,
src/features/text/textStyle.ts,ResolvedTextStyle.fill,field,Paint,
src/features/text/textStyle.ts,ResolvedTextStyle.caretColor,field,string,
src/features/text/textStyle.ts,ResolvedTextStyle.selectionBackground,field,string \,null
src/features/text/textStyle.ts,ResolvedTextStyle.selectionColor,field,string \,null
src/features/text/textStyle.ts,DEFAULT_TEXT_STYLE,const,ResolvedTextStyle,Default resolved style used when a TextPose omits style.
src/features/text/textStyle.ts,resolveTextStyle,function,(style?: TextStyle) => ResolvedTextStyle,Fill in a partial TextStyle with defaults from DEFAULT_TEXT_STYLE.
src/features/text/textStyle.ts,resolveTextStyle.style,param,style?: TextStyle,
src/features/text/textStyle.ts,fontString,function,(s: ResolvedTextStyle) => string,Build a CSS font shorthand suitable for ctx.font.
src/features/text/textStyle.ts,fontString.s,param,s: ResolvedTextStyle,
src/features/text/useTextEdit.ts,TextEditScreenPose,interface,"{ x, y, width, height, fontSize, lineHeight }",Screen-space pose passed to useTextEdit so the overlay can be placed and sized in CSS pixels.
src/features/text/useTextEdit.ts,TextEditScreenPose.x,field,number,Top-left in CSS pixels relative to container.
src/features/text/useTextEdit.ts,TextEditScreenPose.y,field,number,
src/features/text/useTextEdit.ts,TextEditScreenPose.width,field,number,
src/features/text/useTextEdit.ts,TextEditScreenPose.height,field,number,
src/features/text/useTextEdit.ts,TextEditScreenPose.fontSize,field,number,Effective on-screen font size (style.fontSize * zoom).
src/features/text/useTextEdit.ts,TextEditScreenPose.lineHeight?,field,number,Effective on-screen line height multiplier (defaults to style.lineHeight).
src/features/text/useTextEdit.ts,UseTextEditOptions,interface,"{ container, getText, getStyle, getScreenPose, setText }",Options for useTextEdit.
src/features/text/useTextEdit.ts,UseTextEditOptions.container,field,HTMLElement \,null
src/features/text/useTextEdit.ts,UseTextEditOptions.getText,field,(id: string) => string,Read the current text for id.
src/features/text/useTextEdit.ts,UseTextEditOptions.getStyle,field,(id: string) => TextStyle \,undefined
src/features/text/useTextEdit.ts,UseTextEditOptions.getScreenPose,field,(id: string) => TextEditScreenPose \,null
src/features/text/useTextEdit.ts,UseTextEditOptions.setText,field,"(id: string, text: string) => void",Commit text.
src/features/text/useTextEdit.ts,StartEditOptions,interface,{ caret },Options for useTextEdit().startEdit.
src/features/text/useTextEdit.ts,StartEditOptions.caret?,field,number \,'all'
src/features/text/useTextEdit.ts,UseTextEditReturn,interface,"{ editingId, startEdit, cancelEdit, commit, isEditing }",Return shape of useTextEdit.
src/features/text/useTextEdit.ts,UseTextEditReturn.editingId,field,string \,null
src/features/text/useTextEdit.ts,UseTextEditReturn.startEdit,field,"(id: string, opts?: StartEditOptions) => void",
src/features/text/useTextEdit.ts,UseTextEditReturn.cancelEdit,field,() => void,
src/features/text/useTextEdit.ts,UseTextEditReturn.commit,field,() => void,
src/features/text/useTextEdit.ts,UseTextEditReturn.isEditing,field,(id: string) => boolean,
src/features/text/useTextEdit.ts,useTextEdit,hook,(opts: UseTextEditOptions) => UseTextEditReturn,In-place text editing via a contenteditable overlay positioned over the text node's screen-space pose.
src/features/text/useTextEdit.ts,useTextEdit.opts,param,opts: UseTextEditOptions,
src/features/viewport/clampView.ts,ClampBounds,interface,"{ x, y, width, height }",
src/features/viewport/clampView.ts,ClampBounds.x,field,number,
src/features/viewport/clampView.ts,ClampBounds.y,field,number,
src/features/viewport/clampView.ts,ClampBounds.width,field,number,
src/features/viewport/clampView.ts,ClampBounds.height,field,number,
src/features/viewport/clampView.ts,CanvasSize,interface,"{ width, height }",
src/features/viewport/clampView.ts,CanvasSize.width,field,number,
src/features/viewport/clampView.ts,CanvasSize.height,field,number,
src/features/viewport/clampView.ts,clampView,function,"(view: View, bounds: ClampBounds, canvas: CanvasSize) => View",Clamp a View so the visible world rect stays within bounds.
src/features/viewport/clampView.ts,clampView.view,param,view: View,
src/features/viewport/clampView.ts,clampView.bounds,param,bounds: ClampBounds,
src/features/viewport/clampView.ts,clampView.canvas,param,canvas: CanvasSize,
src/features/viewport/clientToCanvas.ts,clientToCanvas,function,"(canvas: HTMLCanvasElement, clientX: number, clientY: number) => [number, number]",Convert client coords to canvas CSS-pixel coords (relative to the canvas's top-left).
src/features/viewport/clientToCanvas.ts,clientToCanvas.canvas,param,canvas: HTMLCanvasElement,
src/features/viewport/clientToCanvas.ts,clientToCanvas.clientX,param,clientX: number,
src/features/viewport/clientToCanvas.ts,clientToCanvas.clientY,param,clientY: number,
src/features/viewport/fitToBounds.ts,fitZoom,function,"(availW: number, availH: number, contentW: number, contentH: number, clamp?: { min?: number; max?: number }) => number",Compute the largest uniform zoom (px per content-unit) that fits a content rect of contentW x contentH (in content units) into a viewport rect of availW x av
src/features/viewport/fitToBounds.ts,fitZoom.availW,param,availW: number,
src/features/viewport/fitToBounds.ts,fitZoom.availH,param,availH: number,
src/features/viewport/fitToBounds.ts,fitZoom.contentW,param,contentW: number,
src/features/viewport/fitToBounds.ts,fitZoom.contentH,param,contentH: number,
src/features/viewport/fitToBounds.ts,fitZoom.clamp,param,clamp?: { min?: number; max?: number },
src/features/viewport/fitToBounds.ts,fitToBounds,function,"(viewportW: number, viewportH: number, contentW: number, contentH: number, paddingPx = 0, clamp?: { min?: number; max?: number }) => { zoom: number; panX: number; panY: number }",Compute zoom + pan that centers contentW x contentH (content units) inside a viewportW x viewportH (pixel) rect.
src/features/viewport/fitToBounds.ts,fitToBounds.viewportW,param,viewportW: number,
src/features/viewport/fitToBounds.ts,fitToBounds.viewportH,param,viewportH: number,
src/features/viewport/fitToBounds.ts,fitToBounds.contentW,param,contentW: number,
src/features/viewport/fitToBounds.ts,fitToBounds.contentH,param,contentH: number,
src/features/viewport/fitToBounds.ts,fitToBounds.paddingPx,param,paddingPx = 0,
src/features/viewport/fitToBounds.ts,fitToBounds.clamp,param,clamp?: { min?: number; max?: number },
src/features/viewport/pixelDensity.ts,SetupCanvasDprOptions,interface,{ dpr },Resize a canvas's backing store for the current devicePixelRatio and pre-apply a dpr-scaling transform so subsequent draw calls operate in CSS pixels.
src/features/viewport/pixelDensity.ts,SetupCanvasDprOptions.dpr?,field,number,Override the dpr used.
src/features/viewport/pixelDensity.ts,setupCanvasDpr,function,"(canvas: HTMLCanvasElement, ctx: CanvasRenderingContext2D, cssWidth: number, cssHeight: number, options: SetupCanvasDprOptions = {}) => number",Resize a canvas's backing store for the current devicePixelRatio and pre-scale the context to draw in CSS pixels.
src/features/viewport/pixelDensity.ts,setupCanvasDpr.canvas,param,canvas: HTMLCanvasElement,
src/features/viewport/pixelDensity.ts,setupCanvasDpr.ctx,param,ctx: CanvasRenderingContext2D,
src/features/viewport/pixelDensity.ts,setupCanvasDpr.cssWidth,param,cssWidth: number,
src/features/viewport/pixelDensity.ts,setupCanvasDpr.cssHeight,param,cssHeight: number,
src/features/viewport/pixelDensity.ts,setupCanvasDpr.options,param,options: SetupCanvasDprOptions = {},
src/features/viewport/pixelDensity.ts,useFixedPixelRatio,hook,() => number,Opt-out hook for DPR scaling.
src/features/viewport/useAutoCenter.ts,computeFitView,function,"(viewportW: number, viewportH: number, contentW: number, contentH: number, padRatio = 0.85) => { zoom: number; panX: number; panY: number }",Compute zoom and pan that fit contentW x contentH (in content units) inside viewportW x viewportH (in pixels).
src/features/viewport/useAutoCenter.ts,computeFitView.viewportW,param,viewportW: number,
src/features/viewport/useAutoCenter.ts,computeFitView.viewportH,param,viewportH: number,
src/features/viewport/useAutoCenter.ts,computeFitView.contentW,param,contentW: number,
src/features/viewport/useAutoCenter.ts,computeFitView.contentH,param,contentH: number,
src/features/viewport/useAutoCenter.ts,computeFitView.padRatio,param,padRatio = 0.85,
src/features/viewport/useAutoCenter.ts,useAutoCenter,hook,"(width: number, height: number, contentW: number, contentH: number, setZoom: (z: number) => void, setPan: (x: number, y: number) => void)","Run computeFitView once when the viewport first has non-zero size, and apply the result via the supplied setters."
src/features/viewport/useAutoCenter.ts,useAutoCenter.width,param,width: number,
src/features/viewport/useAutoCenter.ts,useAutoCenter.height,param,height: number,
src/features/viewport/useAutoCenter.ts,useAutoCenter.contentW,param,contentW: number,
src/features/viewport/useAutoCenter.ts,useAutoCenter.contentH,param,contentH: number,
src/features/viewport/useAutoCenter.ts,useAutoCenter.setZoom,param,setZoom: (z: number) => void,
src/features/viewport/useAutoCenter.ts,useAutoCenter.setPan,param,"setPan: (x: number, y: number) => void",
src/features/viewport/useCanvasSize.ts,useCanvasSize,hook,(containerRef: RefObject<HTMLDivElement \,null>) => CanvasSize
src/features/viewport/useCanvasSize.ts,useCanvasSize.containerRef,param,containerRef: RefObject<HTMLDivElement \,null>
src/features/viewport/useZoom.ts,UseZoomOptions,interface,"{ zoom, setZoom, pan, setPan, min, max, wheelStep, keyStep, viewport, sources, ... }",Options for useZoom.
src/features/viewport/useZoom.ts,UseZoomOptions.zoom,field,number,
src/features/viewport/useZoom.ts,UseZoomOptions.setZoom,field,(next: number) => void,
src/features/viewport/useZoom.ts,UseZoomOptions.pan,field,{ x: number; y: number },
src/features/viewport/useZoom.ts,UseZoomOptions.setPan,field,(next: { x: number; y: number }) => void,
src/features/viewport/useZoom.ts,UseZoomOptions.min?,field,number,
src/features/viewport/useZoom.ts,UseZoomOptions.max?,field,number,
src/features/viewport/useZoom.ts,UseZoomOptions.wheelStep?,field,number,
src/features/viewport/useZoom.ts,UseZoomOptions.keyStep?,field,number,
src/features/viewport/useZoom.ts,UseZoomOptions.viewport?,field,{ width: number; height: number },
src/features/viewport/useZoom.ts,UseZoomOptions.sources?,field,{ wheel?: boolean; keys?: boolean; doubleClick?: boolean; pinch?: boolean; },
src/features/viewport/useZoom.ts,UseZoomOptions.wheelRequiresModifier?,field,boolean,
src/features/viewport/useZoom.ts,UseZoomReturn,interface,"{ onWheel, onKeyDown, onDoubleClick, zoomTo, zoomBy, reset }",Handlers and imperative actions returned by useZoom.
src/features/viewport/useZoom.ts,UseZoomReturn.onWheel,field,void,
src/features/viewport/useZoom.ts,UseZoomReturn.onKeyDown,field,void,
src/features/viewport/useZoom.ts,UseZoomReturn.onDoubleClick,field,void,
src/features/viewport/useZoom.ts,UseZoomReturn.zoomTo,field,void,
src/features/viewport/useZoom.ts,UseZoomReturn.zoomBy,field,void,
src/features/viewport/useZoom.ts,UseZoomReturn.reset,field,void,
src/features/viewport/useZoom.ts,useZoom,hook,(opts: UseZoomOptions) => UseZoomReturn,Wheel/key/double-click zoom with focal-point preservation; returns event handlers and zoomTo/zoomBy/reset.
src/features/viewport/useZoom.ts,useZoom.opts,param,opts: UseZoomOptions,
src/features/viewport/view.ts,View,interface,"{ x, y, scale }",Viewport state in camera-position semantics.
src/features/viewport/view.ts,View.x,field,number,
src/features/viewport/view.ts,View.y,field,number,
src/features/viewport/view.ts,View.scale,field,number,
src/features/viewport/view.ts,viewToTransform,function,(view: View) => ViewTransform,Bridge View into the legacy ViewTransform shape so chrome can keep calling worldToScreen / screenToWorld.
src/features/viewport/view.ts,viewToTransform.view,param,view: View,
src/features/viewport/viewTransform.ts,ViewTransform,interface,"{ panX, panY, zoom }",Pan offset (in pixels) plus uniform zoom (pixels per content unit).
src/features/viewport/viewTransform.ts,ViewTransform.panX,field,number,
src/features/viewport/viewTransform.ts,ViewTransform.panY,field,number,
src/features/viewport/viewTransform.ts,ViewTransform.zoom,field,number,
src/features/viewport/viewTransform.ts,worldToScreen,function,"(worldX: number, worldY: number, view: ViewTransform) => [number, number]",Project a world-space point to screen-space pixels through a ViewTransform.
src/features/viewport/viewTransform.ts,worldToScreen.worldX,param,worldX: number,
src/features/viewport/viewTransform.ts,worldToScreen.worldY,param,worldY: number,
src/features/viewport/viewTransform.ts,worldToScreen.view,param,view: ViewTransform,
src/features/viewport/viewTransform.ts,screenToWorld,function,"(screenX: number, screenY: number, view: ViewTransform) => [number, number]",Inverse of worldToScreen — recover the world-space point under a screen-space pixel.
src/features/viewport/viewTransform.ts,screenToWorld.screenX,param,screenX: number,
src/features/viewport/viewTransform.ts,screenToWorld.screenY,param,screenY: number,
src/features/viewport/viewTransform.ts,screenToWorld.view,param,view: ViewTransform,
src/features/viewport/wheelHandler.ts,WheelState,interface,"{ zoom, panX, panY }",Pure viewport state consumed and returned by computeWheelAction.
src/features/viewport/wheelHandler.ts,WheelState.zoom,field,number,Multiplier; 1 = 100% / no zoom.
src/features/viewport/wheelHandler.ts,WheelState.panX,field,number,
src/features/viewport/wheelHandler.ts,WheelState.panY,field,number,
src/features/viewport/wheelHandler.ts,WheelInput,interface,"{ deltaX, deltaY, mouseX, mouseY, shiftKey, metaKey }","Wheel-event input, decoupled from the DOM WheelEvent shape for testability."
src/features/viewport/wheelHandler.ts,WheelInput.deltaX,field,number,
src/features/viewport/wheelHandler.ts,WheelInput.deltaY,field,number,
src/features/viewport/wheelHandler.ts,WheelInput.mouseX,field,number,
src/features/viewport/wheelHandler.ts,WheelInput.mouseY,field,number,
src/features/viewport/wheelHandler.ts,WheelInput.shiftKey?,field,boolean,
src/features/viewport/wheelHandler.ts,WheelInput.metaKey?,field,boolean,
src/features/viewport/wheelHandler.ts,ZoomBounds,interface,"{ min, max }","Inclusive [min, max] zoom clamp for computeWheelAction."
src/features/viewport/wheelHandler.ts,ZoomBounds.min,field,number,
src/features/viewport/wheelHandler.ts,ZoomBounds.max,field,number,
src/features/viewport/wheelHandler.ts,computeWheelAction,function,"(state: WheelState, input: WheelInput, bounds: ZoomBounds = { min: DEFAULT_MIN_ZOOM, max: DEFAULT_MAX_ZOOM }) => WheelState","Pure reducer: given current viewport state and a wheel input, return the next state (zoom, pan, or scroll)."
src/features/viewport/wheelHandler.ts,computeWheelAction.state,param,state: WheelState,
src/features/viewport/wheelHandler.ts,computeWheelAction.input,param,input: WheelInput,
src/features/viewport/wheelHandler.ts,computeWheelAction.bounds,param,"bounds: ZoomBounds = { min: DEFAULT_MIN_ZOOM, max: DEFAULT_MAX_ZOOM }",
src/features/viewport/zoomAt.ts,ZoomClampOpts,interface,"{ min, max }",Optional clamp bounds for zoomAt.
src/features/viewport/zoomAt.ts,ZoomClampOpts.min?,field,number,
src/features/viewport/zoomAt.ts,ZoomClampOpts.max?,field,number,
src/features/viewport/zoomAt.ts,zoomAt,function,"(view: View, anchor: { x: number; y: number }, factor: number, opts?: ZoomClampOpts) => View",Pure zoom primitive.
src/features/viewport/zoomAt.ts,zoomAt.view,param,view: View,
src/features/viewport/zoomAt.ts,zoomAt.anchor,param,anchor: { x: number; y: number },
src/features/viewport/zoomAt.ts,zoomAt.factor,param,factor: number,
src/features/viewport/zoomAt.ts,zoomAt.opts,param,opts?: ZoomClampOpts,
src/index.ts,* from './features/grid',reexport-all,*,
src/index.ts,* from './features/viewport/viewTransform',reexport-all,*,
src/index.ts,* from './features/drag/dragGhost',reexport-all,*,
src/index.ts,* from './features/drag/thresholdDrag',reexport-all,*,
src/index.ts,* from './features/drag/pointerDrag',reexport-all,*,
src/index.ts,* from './features/viewport/useCanvasSize',reexport-all,*,
src/index.ts,setupCanvasDpr,reexport,re-export from './features/viewport/pixelDensity',
src/index.ts,useFixedPixelRatio,reexport,re-export from './features/viewport/pixelDensity',
src/index.ts,SetupCanvasDprOptions,reexport,re-export from './features/viewport/pixelDensity',
src/index.ts,* from './features/viewport/fitToBounds',reexport-all,*,
src/index.ts,zoomAt,reexport,re-export from './features/viewport/zoomAt',
src/index.ts,ZoomClampOpts,reexport,re-export from './features/viewport/zoomAt',
src/index.ts,clampView,reexport,re-export from './features/viewport/clampView',
src/index.ts,ClampBounds,reexport,re-export from './features/viewport/clampView',
src/index.ts,CanvasSize,reexport,re-export from './features/viewport/clampView',
src/index.ts,* from './features/viewport/useZoom',reexport-all,*,
src/index.ts,* from './features/viewport/useAutoCenter',reexport-all,*,
src/index.ts,useGridCellHover,reexport,re-export from './features/grid/useGridCellHover',
src/index.ts,UseGridCellHoverOptions,reexport,re-export from './features/grid/useGridCellHover',
src/index.ts,UseGridCellHoverReturn,reexport,re-export from './features/grid/useGridCellHover',
src/index.ts,useKeybinding,reexport,re-export from './interactions/actions/useKeybinding',
src/index.ts,isEditableTarget,reexport,re-export from './interactions/actions/useKeybinding',
src/index.ts,KeyBinding,reexport,re-export from './interactions/actions/useKeybinding',
src/index.ts,* from './features/viewport/wheelHandler',reexport-all,*,
src/index.ts,clientToCanvas,reexport,re-export from './features/viewport/clientToCanvas',
src/index.ts,usePointerGestures,reexport,re-export from './interactions/usePointerGestures',
src/index.ts,* from './tools',reexport-all,*,
src/index.ts,PointerGestureBindings,reexport,re-export from './interactions/usePointerGestures',
src/index.ts,UsePointerGesturesOptions,reexport,re-export from './interactions/usePointerGestures',
src/index.ts,PointerGestureCallbackCtx,reexport,re-export from './interactions/usePointerGestures',
src/index.ts,Canvas,reexport,re-export from './canvas/Canvas',
src/index.ts,SceneCanvas,reexport,re-export from './canvas/SceneCanvas',
src/index.ts,SceneCanvasProps,reexport,re-export from './canvas/SceneCanvas',
src/index.ts,sceneToAdapter,reexport,re-export from './canvas/sceneAdapter',
src/index.ts,SceneCanvasAdapter,reexport,re-export from './canvas/sceneAdapter',
src/index.ts,CanvasProps,reexport,re-export from './canvas/Canvas',
src/index.ts,CanvasHelpers,reexport,re-export from './canvas/Canvas',
src/index.ts,CanvasSelectionMode,reexport,re-export from './canvas/Canvas',
src/index.ts,StandardSlotName,reexport,re-export from './canvas/Canvas',
src/index.ts,CustomLayerEntry,reexport,re-export from './canvas/Canvas',
src/index.ts,GridSlotConfig,reexport,re-export from './canvas/Canvas',
src/index.ts,useSelection,reexport,re-export from './features/selection/useSelection',
src/index.ts,SelectionApi,reexport,re-export from './features/selection/useSelection',
src/index.ts,SelectionMode,reexport,re-export from './features/selection/useSelection',
src/index.ts,SelectionExtendKey,reexport,re-export from './features/selection/useSelection',
src/index.ts,UseSelectionOptions,reexport,re-export from './features/selection/useSelection',
src/index.ts,* from './core/layers/render',reexport-all,*,
src/index.ts,* from './core/layers/LayerRenderer',reexport-all,*,
src/index.ts,createGridLayer,reexport,re-export from './features/grid/layer',
src/index.ts,GridLayerOpts,reexport,re-export from './features/grid/layer',
src/index.ts,createCellHighlightLayer,reexport,re-export from './features/grid/cellHighlight',
src/index.ts,CellHighlightLayerOpts,reexport,re-export from './features/grid/cellHighlight',
src/index.ts,createChildrenLayer,reexport,re-export from './features/groups/children',
src/index.ts,CreateChildrenLayerOpts,reexport,re-export from './features/groups/children',
src/index.ts,resolveUnit,reexport,re-export from './core/units',
src/index.ts,formatUnit,reexport,re-export from './core/units',
src/index.ts,IMPERIAL_INCHES,reexport,re-export from './core/units',
src/index.ts,METRIC_MM,reexport,re-export from './core/units',
src/index.ts,PIXELS,reexport,re-export from './core/units',
src/index.ts,Unit,reexport,re-export from './core/units',
src/index.ts,UnitSystem,reexport,re-export from './core/units',
src/index.ts,UnitValue,reexport,re-export from './core/units',
src/index.ts,composeSelectionPose,reexport,re-export from './features/selection/overlay',
src/index.ts,createSelectionOutlineLayer,reexport,re-export from './features/selection/overlay',
src/index.ts,createSelectionHandlesLayer,reexport,re-export from './features/selection/overlay',
src/index.ts,createSelectionOverlayLayer,reexport,re-export from './features/selection/overlay',
src/index.ts,ComposeSelectionPoseOpts,reexport,re-export from './features/selection/overlay',
src/index.ts,SelectionOutlineLayerOpts,reexport,re-export from './features/selection/overlay',
src/index.ts,SelectionHandlesLayerOpts,reexport,re-export from './features/selection/overlay',
src/index.ts,SelectionOverlayLayerOpts,reexport,re-export from './features/selection/overlay',
src/index.ts,* from './features/text/renderLabel',reexport-all,*,
src/index.ts,* from './features/text/markdownText',reexport-all,*,
src/index.ts,DEFAULT_TEXT_STYLE,reexport,re-export from './features/text/textStyle',
src/index.ts,resolveTextStyle,reexport,re-export from './features/text/textStyle',
src/index.ts,fontString,reexport,re-export from './features/text/textStyle',
src/index.ts,TextStyle,reexport,re-export from './features/text/textStyle',
src/index.ts,ResolvedTextStyle,reexport,re-export from './features/text/textStyle',
src/index.ts,measureText,reexport,re-export from './features/text/measureText',
src/index.ts,MeasuredText,reexport,re-export from './features/text/measureText',
src/index.ts,createTextLayer,reexport,re-export from './features/text/textLayer',
src/index.ts,TextPose,reexport,re-export from './features/text/textLayer',
src/index.ts,CreateTextLayerOpts,reexport,re-export from './features/text/textLayer',
src/index.ts,pointInTextPose,reexport,re-export from './features/text/hitTest',
src/index.ts,caretIndexAt,reexport,re-export from './features/text/hitTest',
src/index.ts,fitTextPose,reexport,re-export from './features/text/fitTextPose',
src/index.ts,FitTextPoseOptions,reexport,re-export from './features/text/fitTextPose',
src/index.ts,PointInTextPoseOpts,reexport,re-export from './features/text/hitTest',
src/index.ts,useTextEdit,reexport,re-export from './features/text/useTextEdit',
src/index.ts,TextEditScreenPose,reexport,re-export from './features/text/useTextEdit',
src/index.ts,StartEditOptions,reexport,re-export from './features/text/useTextEdit',
src/index.ts,UseTextEditOptions,reexport,re-export from './features/text/useTextEdit',
src/index.ts,UseTextEditReturn,reexport,re-export from './features/text/useTextEdit',
src/index.ts,createTilePattern,reexport,re-export from './features/patterns',
src/index.ts,TilePatternOpts,reexport,re-export from './features/patterns',
src/index.ts,applyPaint,reexport,re-export from './core/paint',
src/index.ts,applyStroke,reexport,re-export from './core/paint',
src/index.ts,renderFilledRegion,reexport,re-export from './core/paint',
src/index.ts,Paint,reexport,re-export from './core/paint',
src/index.ts,Stroke,reexport,re-export from './core/paint',
src/index.ts,Region,reexport,re-export from './core/paint',
src/index.ts,RenderFilledRegionOptions,reexport,re-export from './core/paint',
src/index.ts,* from './core/ops',reexport-all,*,
src/index.ts,composeWorldPose,reexport,re-export from './features/groups/composePose',
src/index.ts,composeRectPose,reexport,re-export from './features/groups/composePose',
src/index.ts,decomposeRectPose,reexport,re-export from './features/groups/composePose',
src/index.ts,rebaseLocalPose,reexport,re-export from './features/groups/composePose',
src/index.ts,translateRectPose,reexport,re-export from './features/groups/composePose',
src/index.ts,worldPoseLookup,reexport,re-export from './features/groups/composePose',
src/index.ts,PoseAdapter,reexport,re-export from './features/groups/composePose',
src/index.ts,nestedGroupHitTester,reexport,re-export from './interactions/hit/nestedGroupHit',
src/index.ts,NestedGroupHitOpts,reexport,re-export from './interactions/hit/nestedGroupHit',
src/index.ts,NestedGroupHitTester,reexport,re-export from './interactions/hit/nestedGroupHit',
src/index.ts,PATH_M,reexport,re-export from './features/paths',
src/index.ts,PATH_L,reexport,re-export from './features/paths',
src/index.ts,PATH_C,reexport,re-export from './features/paths',
src/index.ts,PATH_Q,reexport,re-export from './features/paths',
src/index.ts,PATH_Z,reexport,re-export from './features/paths',
src/index.ts,PATH_CMD_LENGTHS,reexport,re-export from './features/paths',
src/index.ts,PathBuilder,reexport,re-export from './features/paths',
src/index.ts,polygonFromPoints,reexport,re-export from './features/paths',
src/index.ts,rectPath,reexport,re-export from './features/paths',
src/index.ts,boundsOfPath,reexport,re-export from './features/paths',
src/index.ts,pointInPath,reexport,re-export from './features/paths',
src/index.ts,translatePath,reexport,re-export from './features/paths',
src/index.ts,translatePolygonInPlace,reexport,re-export from './features/paths',
src/index.ts,scalePathToBounds,reexport,re-export from './features/paths',
src/index.ts,traceToContext,reexport,re-export from './features/paths',
src/index.ts,createPathLayer,reexport,re-export from './features/paths',
src/index.ts,flattenCubic,reexport,re-export from './features/paths',
src/index.ts,flattenQuadratic,reexport,re-export from './features/paths',
src/index.ts,DEFAULT_FLATTEN_TOLERANCE,reexport,re-export from './features/paths',
src/index.ts,composePath,reexport,re-export from './features/paths',
src/index.ts,decomposePath,reexport,re-export from './features/paths',
src/index.ts,unionBoundsPath,reexport,re-export from './features/paths',
src/index.ts,pathPoseDescriptor,reexport,re-export from './features/paths',
src/index.ts,pathOriginProjection,reexport,re-export from './features/paths',
src/index.ts,createPenPreviewLayer,reexport,re-export from './features/paths',
src/index.ts,Path,reexport,re-export from './features/paths',
src/index.ts,PolygonPath,reexport,re-export from './features/paths',
src/index.ts,RectPath,reexport,re-export from './features/paths',
src/index.ts,PathFillRule,reexport,re-export from './features/paths',
src/index.ts,PointInPathOptions,reexport,re-export from './features/paths',
src/index.ts,CreatePathLayerOpts,reexport,re-export from './features/paths',
src/index.ts,CreatePenPreviewLayerOptions,reexport,re-export from './features/paths',
src/index.ts,PenPreviewStyle,reexport,re-export from './features/paths',
src/index.ts,constrainTo45,reexport,re-export from './util/constrainTo45',
src/index.ts,Group,reexport,re-export from './features/groups/types',
src/index.ts,GroupAdapter,reexport,re-export from './features/groups/types',
src/index.ts,resolveToOutermostGroup,reexport,re-export from './features/groups/resolve',
src/index.ts,expandToLeaves,reexport,re-export from './features/groups/resolve',
src/index.ts,unionBounds,reexport,re-export from './features/groups/unionBounds',
src/index.ts,RectPose,reexport,re-export from './features/groups/unionBounds',
src/index.ts,withGroupOrdering,reexport,re-export from './features/groups/orderedGroups',
src/index.ts,* from './core/history',reexport-all,*,
src/index.ts,* from './core/adapters/types',reexport-all,*,
src/index.ts,arrayAdapter,reexport,re-export from './core/adapters/arrayAdapter',
src/index.ts,ArrayAdapter,reexport,re-export from './core/adapters/arrayAdapter',
src/index.ts,ArrayAdapterConfig,reexport,re-export from './core/adapters/arrayAdapter',
src/index.ts,useArrayAdapter,reexport,re-export from './core/adapters/useArrayAdapter',
src/index.ts,UseArrayAdapterOptions,reexport,re-export from './core/adapters/useArrayAdapter',
src/index.ts,createScene,reexport,re-export from './core/scene',
src/index.ts,useScene,reexport,re-export from './core/scene',
src/index.ts,asNodeId,reexport,re-export from './core/scene',
src/index.ts,AddNodeSpec,reexport,re-export from './core/scene',
src/index.ts,ContainerNode,reexport,re-export from './core/scene',
src/index.ts,LayerRecord,reexport,re-export from './core/scene',
src/index.ts,LeafNode,reexport,re-export from './core/scene',
src/index.ts,SceneNode,reexport,re-export from './core/scene',
src/index.ts,NodeId,reexport,re-export from './core/scene',
src/index.ts,RegisteredOp,reexport,re-export from './core/scene',
src/index.ts,Scene,reexport,re-export from './core/scene',
src/index.ts,SystemLayerRecord,reexport,re-export from './core/scene',
src/index.ts,SystemLayerSpec,reexport,re-export from './core/scene',
src/index.ts,UserLayerRecord,reexport,re-export from './core/scene',
src/index.ts,UseSceneOptions,reexport,re-export from './core/scene',
src/index.ts,ModifierState,reexport,re-export from './interactions/gestures/types',
src/index.ts,PointerState,reexport,re-export from './interactions/gestures/types',
src/index.ts,GestureContext,reexport,re-export from './interactions/gestures/types',
src/index.ts,SnapStrategy,reexport,re-export from './interactions/gestures/types',
src/index.ts,GestureBehavior,reexport,re-export from './interactions/gestures/types',
src/index.ts,BehaviorMoveResult,reexport,re-export from './interactions/gestures/types',
src/index.ts,MoveBehavior,reexport,re-export from './interactions/gestures/types',
src/index.ts,MoveOverlay,reexport,re-export from './interactions/gestures/types',
src/index.ts,ResizeAnchor,reexport,re-export from './interactions/gestures/types',
src/index.ts,ResizePose,reexport,re-export from './interactions/gestures/types',
src/index.ts,ResizeProposed,reexport,re-export from './interactions/gestures/types',
src/index.ts,ResizeMoveResult,reexport,re-export from './interactions/gestures/types',
src/index.ts,ResizeBehavior,reexport,re-export from './interactions/gestures/types',
src/index.ts,ResizeOverlay,reexport,re-export from './interactions/gestures/types',
src/index.ts,RotatedPose,reexport,re-export from './interactions/gestures/types',
src/index.ts,RotateProposed,reexport,re-export from './interactions/gestures/types',
src/index.ts,RotateMoveResult,reexport,re-export from './interactions/gestures/types',
src/index.ts,RotateBehavior,reexport,re-export from './interactions/gestures/types',
src/index.ts,RotateOverlay,reexport,re-export from './interactions/gestures/types',
src/index.ts,InsertProposed,reexport,re-export from './interactions/gestures/types',
src/index.ts,InsertMoveResult,reexport,re-export from './interactions/gestures/types',
src/index.ts,InsertBehavior,reexport,re-export from './interactions/gestures/types',
src/index.ts,InsertOverlay,reexport,re-export from './interactions/gestures/types',
src/index.ts,AreaSelectPose,reexport,re-export from './interactions/gestures/types',
src/index.ts,AreaSelectProposed,reexport,re-export from './interactions/gestures/types',
src/index.ts,AreaSelectMoveResult,reexport,re-export from './interactions/gestures/types',
src/index.ts,AreaSelectBehavior,reexport,re-export from './interactions/gestures/types',
src/index.ts,AreaSelectOverlay,reexport,re-export from './interactions/gestures/types',
src/index.ts,ClipboardSnapshot,reexport,re-export from './interactions/actions/clipboard/types',
src/index.ts,snap,reexport,re-export from './interactions/gestures/shared',
src/index.ts,gridSnapStrategy,reexport,re-export from './interactions/gestures/shared',
src/index.ts,pointToGridCell,reexport,re-export from './interactions/gestures/shared',
src/index.ts,RECT_ORIGIN_PROJECTION,reexport,re-export from './interactions/gestures/shared',
src/index.ts,OriginProjection,reexport,re-export from './interactions/gestures/shared',
src/index.ts,useMove,reexport,re-export from './interactions/gestures/move',
src/index.ts,UseMoveOptions,reexport,re-export from './interactions/gestures/move',
src/index.ts,MoveController,reexport,re-export from './interactions/gestures/move',
src/index.ts,MoveStartArgs,reexport,re-export from './interactions/gestures/move',
src/index.ts,MoveMoveArgs,reexport,re-export from './interactions/gestures/move',
src/index.ts,useResize,reexport,re-export from './interactions/gestures/resize',
src/index.ts,RECT_POSE_DESCRIPTOR,reexport,re-export from './interactions/gestures/resize',
src/index.ts,cornerResizeHandles,reexport,re-export from './interactions/gestures/resize',
src/index.ts,hitCornerHandle,reexport,re-export from './interactions/gestures/resize',
src/index.ts,UseResizeOptions,reexport,re-export from './interactions/gestures/resize',
src/index.ts,ResizeController,reexport,re-export from './interactions/gestures/resize',
src/index.ts,PoseDescriptor,reexport,re-export from './interactions/gestures/resize',
src/index.ts,CornerHandle,reexport,re-export from './interactions/gestures/resize',
src/index.ts,useRotate,reexport,re-export from './interactions/gestures/rotate',
src/index.ts,pointInRotatedRect,reexport,re-export from './interactions/gestures/rotate',
src/index.ts,rotatedRectCorners,reexport,re-export from './interactions/gestures/rotate',
src/index.ts,rectCorners,reexport,re-export from './interactions/gestures/rotate',
src/index.ts,rotatePoint,reexport,re-export from './interactions/gestures/rotate',
src/index.ts,aabbCenter,reexport,re-export from './interactions/gestures/rotate',
src/index.ts,rotationHandle,reexport,re-export from './interactions/gestures/rotate',
src/index.ts,hitRotationHandle,reexport,re-export from './interactions/gestures/rotate',
src/index.ts,DEFAULT_ROTATION_HANDLE_DISTANCE,reexport,re-export from './interactions/gestures/rotate',
src/index.ts,UseRotateOptions,reexport,re-export from './interactions/gestures/rotate',
src/index.ts,RotateController,reexport,re-export from './interactions/gestures/rotate',
src/index.ts,RotateStartArgs,reexport,re-export from './interactions/gestures/rotate',
src/index.ts,RotateMoveArgs,reexport,re-export from './interactions/gestures/rotate',
src/index.ts,RotateGeometry,reexport,re-export from './interactions/gestures/rotate',
src/index.ts,RotationHandle,reexport,re-export from './interactions/gestures/rotate',
src/index.ts,useInsert,reexport,re-export from './interactions/gestures/insert',
src/index.ts,UseInsertOptions,reexport,re-export from './interactions/gestures/insert',
src/index.ts,InsertController,reexport,re-export from './interactions/gestures/insert',
src/index.ts,useAreaSelect,reexport,re-export from './interactions/gestures/area-select',
src/index.ts,useEditAnchors,reexport,re-export from './interactions/gestures/edit-anchors',
src/index.ts,hitAnchor,reexport,re-export from './interactions/gestures/edit-anchors',
src/index.ts,enumerateAnchors,reexport,re-export from './interactions/gestures/edit-anchors',
src/index.ts,withCoord,reexport,re-export from './interactions/gestures/edit-anchors',
src/index.ts,createAnchorEditOverlayLayer,reexport,re-export from './interactions/gestures/edit-anchors',
src/index.ts,UseEditAnchorsOptions,reexport,re-export from './interactions/gestures/edit-anchors',
src/index.ts,EditAnchorsController,reexport,re-export from './interactions/gestures/edit-anchors',
src/index.ts,EditAnchorsAdapter,reexport,re-export from './interactions/gestures/edit-anchors',
src/index.ts,EditAnchorsOverlay,reexport,re-export from './interactions/gestures/edit-anchors',
src/index.ts,EditAnchorsStartArgs,reexport,re-export from './interactions/gestures/edit-anchors',
src/index.ts,EditAnchorsMoveArgs,reexport,re-export from './interactions/gestures/edit-anchors',
src/index.ts,AnchorHit,reexport,re-export from './interactions/gestures/edit-anchors',
src/index.ts,PathAnchor,reexport,re-export from './interactions/gestures/edit-anchors',
src/index.ts,AnchorEditOverlayOpts,reexport,re-export from './interactions/gestures/edit-anchors',
src/index.ts,UseAreaSelectOptions,reexport,re-export from './interactions/gestures/area-select',
src/index.ts,AreaSelectController,reexport,re-export from './interactions/gestures/area-select',
src/index.ts,selectFromMarquee,reexport,re-export from './interactions/gestures/area-select/behaviors',
src/index.ts,useClipboardOps,reexport,re-export from './interactions/actions/clipboard',
src/index.ts,useClipboard,reexport,re-export from './interactions/actions/clipboard',
src/index.ts,UseClipboardOpsOptions,reexport,re-export from './interactions/actions/clipboard',
src/index.ts,UseClipboardOpsReturn,reexport,re-export from './interactions/actions/clipboard',
src/index.ts,ClipboardAdapter,reexport,re-export from './interactions/actions/clipboard',
src/index.ts,UseClipboardOptions,reexport,re-export from './interactions/actions/clipboard',
src/index.ts,UseClipboardReturn,reexport,re-export from './interactions/actions/clipboard',
src/index.ts,useDelete,reexport,re-export from './interactions/actions/delete',
src/index.ts,DeleteAdapter,reexport,re-export from './interactions/actions/delete',
src/index.ts,UseDeleteOptions,reexport,re-export from './interactions/actions/delete',
src/index.ts,UseDeleteReturn,reexport,re-export from './interactions/actions/delete',
src/index.ts,useEscape,reexport,re-export from './interactions/actions/escape',
src/index.ts,EscapeAdapter,reexport,re-export from './interactions/actions/escape',
src/index.ts,UseEscapeOptions,reexport,re-export from './interactions/actions/escape',
src/index.ts,UseEscapeReturn,reexport,re-export from './interactions/actions/escape',
src/index.ts,useSelectAll,reexport,re-export from './interactions/actions/select-all',
src/index.ts,SelectAllAdapter,reexport,re-export from './interactions/actions/select-all',
src/index.ts,UseSelectAllOptions,reexport,re-export from './interactions/actions/select-all',
src/index.ts,UseSelectAllReturn,reexport,re-export from './interactions/actions/select-all',
src/index.ts,useDuplicate,reexport,re-export from './interactions/actions/duplicate',
src/index.ts,DuplicateAdapter,reexport,re-export from './interactions/actions/duplicate',
src/index.ts,UseDuplicateOptions,reexport,re-export from './interactions/actions/duplicate',
src/index.ts,UseDuplicateReturn,reexport,re-export from './interactions/actions/duplicate',
src/index.ts,useNudge,reexport,re-export from './interactions/actions/nudge',
src/index.ts,NudgeAdapter,reexport,re-export from './interactions/actions/nudge',
src/index.ts,NudgeDirection,reexport,re-export from './interactions/actions/nudge',
src/index.ts,UseNudgeOptions,reexport,re-export from './interactions/actions/nudge',
src/index.ts,UseNudgeReturn,reexport,re-export from './interactions/actions/nudge',
src/index.ts,useClone,reexport,re-export from './interactions/gestures/clone',
src/index.ts,cloneByAltDrag,reexport,re-export from './interactions/gestures/clone',
src/index.ts,UseCloneOptions,reexport,re-export from './interactions/gestures/clone',
src/index.ts,UseCloneReturn,reexport,re-export from './interactions/gestures/clone',
src/index.ts,ClonePose,reexport,re-export from './interactions/gestures/types',
src/index.ts,CloneLayer,reexport,re-export from './interactions/gestures/types',
src/index.ts,CloneBehavior,reexport,re-export from './interactions/gestures/types',
src/index.ts,createBringForwardOp,reexport,re-export from './core/ops/reorder',
src/index.ts,createSendBackwardOp,reexport,re-export from './core/ops/reorder',
src/index.ts,createBringToFrontOp,reexport,re-export from './core/ops/reorder',
src/index.ts,createSendToBackOp,reexport,re-export from './core/ops/reorder',
src/index.ts,createMoveToIndexOp,reexport,re-export from './core/ops/reorder',
src/index.ts,useReorder,reexport,re-export from './interactions/actions/reorder',
src/index.ts,ReorderAdapter,reexport,re-export from './interactions/actions/reorder',
src/index.ts,UseReorderOptions,reexport,re-export from './interactions/actions/reorder',
src/index.ts,UseReorderReturn,reexport,re-export from './interactions/actions/reorder',
src/index.ts,useGroup,reexport,re-export from './interactions/actions/group',
src/index.ts,useUngroup,reexport,re-export from './interactions/actions/group',
src/index.ts,useNestedGroup,reexport,re-export from './interactions/actions/group',
src/index.ts,useNestedUngroup,reexport,re-export from './interactions/actions/group',
src/index.ts,GroupActionAdapter,reexport,re-export from './interactions/actions/group',
src/index.ts,UseGroupOptions,reexport,re-export from './interactions/actions/group',
src/index.ts,UseGroupReturn,reexport,re-export from './interactions/actions/group',
src/index.ts,UseUngroupOptions,reexport,re-export from './interactions/actions/group',
src/index.ts,UseUngroupReturn,reexport,re-export from './interactions/actions/group',
src/index.ts,NestedGroupActionAdapter,reexport,re-export from './interactions/actions/group',
src/index.ts,UseNestedGroupOptions,reexport,re-export from './interactions/actions/group',
src/index.ts,UseNestedGroupReturn,reexport,re-export from './interactions/actions/group',
src/index.ts,UseNestedUngroupOptions,reexport,re-export from './interactions/actions/group',
src/index.ts,UseNestedUngroupReturn,reexport,re-export from './interactions/actions/group',
src/index.ts,useUndoRedo,reexport,re-export from './interactions/actions/undo-redo',
src/index.ts,UndoRedoAdapter,reexport,re-export from './interactions/actions/undo-redo',
src/index.ts,UseUndoRedoOptions,reexport,re-export from './interactions/actions/undo-redo',
src/index.ts,UseUndoRedoReturn,reexport,re-export from './interactions/actions/undo-redo',
src/index.ts,* from './debug',reexport-all,*,
src/index.ts,* from './animation',reexport-all,*,
src/index.ts,* from './layout',reexport-all,*,
src/interactions/actions/clipboard/clipboard.ts,ClipboardAdapter,interface,"{ getObject, removeObject }",Adapter for useClipboard.
src/interactions/actions/clipboard/clipboard.ts,ClipboardAdapter.getObject?,field,TObject \,undefined
src/interactions/actions/clipboard/clipboard.ts,ClipboardAdapter.removeObject,field,void,Mutator wired by DeleteOp.apply.
src/interactions/actions/clipboard/clipboard.ts,UseClipboardOptions,interface,"{ getSelection, bindKeyboard, cutLabel, pasteLabel, onPaste }",Options for useClipboard.
src/interactions/actions/clipboard/clipboard.ts,UseClipboardOptions.getSelection,field,() => string[],Reads the current selection.
src/interactions/actions/clipboard/clipboard.ts,UseClipboardOptions.bindKeyboard?,field,boolean,Auto-bind Mod+C / Mod+X / Mod+V on document.
src/interactions/actions/clipboard/clipboard.ts,UseClipboardOptions.cutLabel?,field,string,Label for the cut batch.
src/interactions/actions/clipboard/clipboard.ts,UseClipboardOptions.pasteLabel?,field,string,Label for the paste batch.
src/interactions/actions/clipboard/clipboard.ts,UseClipboardOptions.onPaste?,field,(newIds: string[]) => void,Called after a successful paste with the ids of the new objects.
src/interactions/actions/clipboard/clipboard.ts,UseClipboardReturn,interface,{ cut },Return shape of useClipboard.
src/interactions/actions/clipboard/clipboard.ts,UseClipboardReturn.cut,field,string[],"Snapshot the selection into the clipboard, then delete the originals."
src/interactions/actions/clipboard/clipboard.ts,useClipboard,hook,"(adapter: ClipboardAdapter<TObject>, options: UseClipboardOptions) => UseClipboardReturn","Selection-driven copy / cut / paste with optional Mod+C, Mod+X, Mod+V keyboard bindings."
src/interactions/actions/clipboard/clipboard.ts,useClipboard.adapter,param,adapter: ClipboardAdapter<TObject>,
src/interactions/actions/clipboard/clipboard.ts,useClipboard.options,param,options: UseClipboardOptions,
src/interactions/actions/clipboard/clipboardOps.ts,UseClipboardOpsOptions,interface,"{ getSelection, onPaste, pasteLabel }",Options for useClipboardOps.
src/interactions/actions/clipboard/clipboardOps.ts,UseClipboardOpsOptions.getSelection,field,() => string[],"How the hook reads ""current selection"" for copy."
src/interactions/actions/clipboard/clipboardOps.ts,UseClipboardOpsOptions.onPaste?,field,(newIds: string[]) => void,Called after a successful paste with the ids of the newly inserted objects.
src/interactions/actions/clipboard/clipboardOps.ts,UseClipboardOpsOptions.pasteLabel?,field,string,Label for the history entry produced by paste.
src/interactions/actions/clipboard/clipboardOps.ts,UseClipboardOpsReturn,interface,"{ copy, paste, isEmpty }","Return shape of useClipboardOps: imperative copy, paste, and isEmpty functions."
src/interactions/actions/clipboard/clipboardOps.ts,UseClipboardOpsReturn.copy,field,void,
src/interactions/actions/clipboard/clipboardOps.ts,UseClipboardOpsReturn.paste,field,void,
src/interactions/actions/clipboard/clipboardOps.ts,UseClipboardOpsReturn.isEmpty,field,boolean,
src/interactions/actions/clipboard/clipboardOps.ts,useClipboardOps,hook,"(adapter: InsertAdapter<TObject>, options: UseClipboardOpsOptions) => UseClipboardOpsReturn",In-memory copy/paste of selections via InsertAdapter.snapshotSelection / commitPaste.
src/interactions/actions/clipboard/clipboardOps.ts,useClipboardOps.adapter,param,adapter: InsertAdapter<TObject>,
src/interactions/actions/clipboard/clipboardOps.ts,useClipboardOps.options,param,options: UseClipboardOpsOptions,
src/interactions/actions/clipboard/index.ts,useClipboardOps,reexport,re-export from './clipboardOps',
src/interactions/actions/clipboard/index.ts,UseClipboardOpsOptions,reexport,re-export from './clipboardOps',
src/interactions/actions/clipboard/index.ts,UseClipboardOpsReturn,reexport,re-export from './clipboardOps',
src/interactions/actions/clipboard/index.ts,useClipboard,reexport,re-export from './clipboard',
src/interactions/actions/clipboard/index.ts,ClipboardAdapter,reexport,re-export from './clipboard',
src/interactions/actions/clipboard/index.ts,UseClipboardOptions,reexport,re-export from './clipboard',
src/interactions/actions/clipboard/index.ts,UseClipboardReturn,reexport,re-export from './clipboard',
src/interactions/actions/clipboard/types.ts,ClipboardSnapshot,reexport,re-export from '../../../core/adapters/types',
src/interactions/actions/delete/delete.ts,DeleteAdapter,interface,"{ getSelection, getObject, applyBatch, setSelection, removeObject }",Adapter for useDelete.
src/interactions/actions/delete/delete.ts,DeleteAdapter.getSelection,field,string[],Read current selection.
src/interactions/actions/delete/delete.ts,DeleteAdapter.getObject?,field,{ id: string } \,undefined \
src/interactions/actions/delete/delete.ts,DeleteAdapter.applyBatch?,field,void,Optional: op-batch entry point.
src/interactions/actions/delete/delete.ts,DeleteAdapter.setSelection?,field,void,Optional: clear selection after delete.
src/interactions/actions/delete/delete.ts,DeleteAdapter.removeObject?,field,void,Optional: removeObject mutator wired by DeleteOp when applyBatch is omitted.
src/interactions/actions/delete/delete.ts,UseDeleteOptions,interface,"{ bindKeyboard, label, filter }",Options for useDelete.
src/interactions/actions/delete/delete.ts,UseDeleteOptions.bindKeyboard?,field,boolean,Auto-bind Delete and Backspace keys on document.
src/interactions/actions/delete/delete.ts,UseDeleteOptions.label?,field,string,Label passed to applyBatch.
src/interactions/actions/delete/delete.ts,UseDeleteOptions.filter?,field,(ids: string[]) => string[],"Optional filter: given selected ids, return the subset to actually delete."
src/interactions/actions/delete/delete.ts,UseDeleteReturn,interface,{ deleteSelection },Return shape of useDelete.
src/interactions/actions/delete/delete.ts,UseDeleteReturn.deleteSelection,field,string[],Imperative trigger — deletes the current selection.
src/interactions/actions/delete/delete.ts,useDelete,hook,"(adapter: DeleteAdapter, options: UseDeleteOptions = {}) => UseDeleteReturn",Selection-deletion action; optionally binds Delete/Backspace keys.
src/interactions/actions/delete/delete.ts,useDelete.adapter,param,adapter: DeleteAdapter,
src/interactions/actions/delete/delete.ts,useDelete.options,param,options: UseDeleteOptions = {},
src/interactions/actions/delete/index.ts,useDelete,reexport,re-export from './delete',
src/interactions/actions/delete/index.ts,DeleteAdapter,reexport,re-export from './delete',
src/interactions/actions/delete/index.ts,UseDeleteOptions,reexport,re-export from './delete',
src/interactions/actions/delete/index.ts,UseDeleteReturn,reexport,re-export from './delete',
src/interactions/actions/duplicate/duplicate.ts,DuplicateAdapter,interface,"{ getSelection, getPose, cloneObject, applyBatch }",Adapter for useDuplicate.
src/interactions/actions/duplicate/duplicate.ts,DuplicateAdapter.getSelection,field,string[],Read current selection.
src/interactions/actions/duplicate/duplicate.ts,DuplicateAdapter.getPose,field,TPose,Read pose for an id (currently unused at op-emit time but exposed for symmetry with other selection-driven hooks; consumers commonly need it inside cloneObject
src/interactions/actions/duplicate/duplicate.ts,DuplicateAdapter.cloneObject,field,{ id: string },"Materialize a new object that is a copy of id, translated by offset."
src/interactions/actions/duplicate/duplicate.ts,DuplicateAdapter.applyBatch?,field,void,Optional: op-batch entry point.
src/interactions/actions/duplicate/duplicate.ts,UseDuplicateOptions,interface,"{ enableKeyboard, label, offset }",Options for useDuplicate.
src/interactions/actions/duplicate/duplicate.ts,UseDuplicateOptions.enableKeyboard?,field,boolean,Auto-bind Ctrl/Cmd+D on document.
src/interactions/actions/duplicate/duplicate.ts,UseDuplicateOptions.label?,field,string,Label passed to applyBatch.
src/interactions/actions/duplicate/duplicate.ts,UseDuplicateOptions.offset?,field,{ dx: number; dy: number },Translation applied to each clone.
src/interactions/actions/duplicate/duplicate.ts,UseDuplicateReturn,interface,{ duplicate },Return shape of useDuplicate.
src/interactions/actions/duplicate/duplicate.ts,UseDuplicateReturn.duplicate,field,void,Imperative trigger — duplicates the current selection.
src/interactions/actions/duplicate/duplicate.ts,useDuplicate,hook,"(adapter: DuplicateAdapter<TPose>, options: UseDuplicateOptions = {}) => UseDuplicateReturn",Selection-duplication action with offset; binds Ctrl/Cmd+D by default.
src/interactions/actions/duplicate/duplicate.ts,useDuplicate.adapter,param,adapter: DuplicateAdapter<TPose>,
src/interactions/actions/duplicate/duplicate.ts,useDuplicate.options,param,options: UseDuplicateOptions = {},
src/interactions/actions/duplicate/index.ts,useDuplicate,reexport,re-export from './duplicate',
src/interactions/actions/duplicate/index.ts,DuplicateAdapter,reexport,re-export from './duplicate',
src/interactions/actions/duplicate/index.ts,UseDuplicateOptions,reexport,re-export from './duplicate',
src/interactions/actions/duplicate/index.ts,UseDuplicateReturn,reexport,re-export from './duplicate',
src/interactions/actions/escape/escape.ts,EscapeAdapter,interface,"{ getSelection, applyBatch, setSelection }",Adapter for useEscape.
src/interactions/actions/escape/escape.ts,EscapeAdapter.getSelection,field,string[],Read current selection.
src/interactions/actions/escape/escape.ts,EscapeAdapter.applyBatch?,field,void,Optional: op-batch entry point.
src/interactions/actions/escape/escape.ts,EscapeAdapter.setSelection?,field,void,Mutator wired by setSelection op when applyBatch is omitted.
src/interactions/actions/escape/escape.ts,UseEscapeOptions,interface,"{ enableKeyboard, label }",Options for useEscape.
src/interactions/actions/escape/escape.ts,UseEscapeOptions.enableKeyboard?,field,boolean,Auto-bind Escape on document.
src/interactions/actions/escape/escape.ts,UseEscapeOptions.label?,field,string,Label passed to applyBatch.
src/interactions/actions/escape/escape.ts,UseEscapeReturn,interface,{ clearSelection },Return shape of useEscape.
src/interactions/actions/escape/escape.ts,UseEscapeReturn.clearSelection,field,void,Imperative trigger — clears the current selection.
src/interactions/actions/escape/escape.ts,useEscape,hook,"(adapter: EscapeAdapter, options: UseEscapeOptions = {}) => UseEscapeReturn",Selection-clearing action; binds Escape on document by default.
src/interactions/actions/escape/escape.ts,useEscape.adapter,param,adapter: EscapeAdapter,
src/interactions/actions/escape/escape.ts,useEscape.options,param,options: UseEscapeOptions = {},
src/interactions/actions/escape/index.ts,useEscape,reexport,re-export from './escape',
src/interactions/actions/escape/index.ts,EscapeAdapter,reexport,re-export from './escape',
src/interactions/actions/escape/index.ts,UseEscapeOptions,reexport,re-export from './escape',
src/interactions/actions/escape/index.ts,UseEscapeReturn,reexport,re-export from './escape',
src/interactions/actions/group/group.ts,GroupActionAdapter,interface,"{ getSelection, applyBatch }",Adapter for useGroup / useUngroup.
src/interactions/actions/group/group.ts,GroupActionAdapter.getSelection,field,string[],Read current selection.
src/interactions/actions/group/group.ts,GroupActionAdapter.applyBatch?,field,void,Optional: op-batch entry point.
src/interactions/actions/group/group.ts,UseGroupOptions,interface,"{ bindKeyboard, newGroupId, label, minMembers }",Options for useGroup.
src/interactions/actions/group/group.ts,UseGroupOptions.bindKeyboard?,field,boolean,Auto-bind Mod+G on document.
src/interactions/actions/group/group.ts,UseGroupOptions.newGroupId?,field,() => string,Mint the id for the new group.
src/interactions/actions/group/group.ts,UseGroupOptions.label?,field,string,Label passed to applyBatch.
src/interactions/actions/group/group.ts,UseGroupOptions.minMembers?,field,number,Minimum selection size that produces a group.
src/interactions/actions/group/group.ts,UseGroupReturn,interface,{ group },Return shape of useGroup.
src/interactions/actions/group/group.ts,UseGroupReturn.group,field,string \,null
src/interactions/actions/group/group.ts,useGroup,hook,"(adapter: GroupActionAdapter, options: UseGroupOptions = {}) => UseGroupReturn",Selection-grouping action; optionally binds Mod+G.
src/interactions/actions/group/group.ts,useGroup.adapter,param,adapter: GroupActionAdapter,
src/interactions/actions/group/group.ts,useGroup.options,param,options: UseGroupOptions = {},
src/interactions/actions/group/group.ts,UseUngroupOptions,interface,"{ bindKeyboard, label }",Options for useUngroup.
src/interactions/actions/group/group.ts,UseUngroupOptions.bindKeyboard?,field,boolean,Auto-bind Mod+Shift+G on document.
src/interactions/actions/group/group.ts,UseUngroupOptions.label?,field,string,Label passed to applyBatch.
src/interactions/actions/group/group.ts,UseUngroupReturn,interface,{ ungroup },Return shape of useUngroup.
src/interactions/actions/group/group.ts,UseUngroupReturn.ungroup,field,string[],Imperative trigger — dissolves every group in the current selection.
src/interactions/actions/group/group.ts,useUngroup,hook,"(adapter: GroupActionAdapter, options: UseUngroupOptions = {}) => UseUngroupReturn",Selection-ungrouping action; optionally binds Mod+Shift+G.
src/interactions/actions/group/group.ts,useUngroup.adapter,param,adapter: GroupActionAdapter,
src/interactions/actions/group/group.ts,useUngroup.options,param,options: UseUngroupOptions = {},
src/interactions/actions/group/index.ts,useGroup,reexport,re-export from './group',
src/interactions/actions/group/index.ts,useUngroup,reexport,re-export from './group',
src/interactions/actions/group/index.ts,GroupActionAdapter,reexport,re-export from './group',
src/interactions/actions/group/index.ts,UseGroupOptions,reexport,re-export from './group',
src/interactions/actions/group/index.ts,UseGroupReturn,reexport,re-export from './group',
src/interactions/actions/group/index.ts,UseUngroupOptions,reexport,re-export from './group',
src/interactions/actions/group/index.ts,UseUngroupReturn,reexport,re-export from './group',
src/interactions/actions/group/index.ts,useNestedGroup,reexport,re-export from './nestedGroup',
src/interactions/actions/group/index.ts,useNestedUngroup,reexport,re-export from './nestedGroup',
src/interactions/actions/group/index.ts,NestedGroupActionAdapter,reexport,re-export from './nestedGroup',
src/interactions/actions/group/index.ts,UseNestedGroupOptions,reexport,re-export from './nestedGroup',
src/interactions/actions/group/index.ts,UseNestedGroupReturn,reexport,re-export from './nestedGroup',
src/interactions/actions/group/index.ts,UseNestedUngroupOptions,reexport,re-export from './nestedGroup',
src/interactions/actions/group/index.ts,UseNestedUngroupReturn,reexport,re-export from './nestedGroup',
src/interactions/actions/group/nestedGroup.ts,NestedGroupActionAdapter,interface,"{ getSelection, getObject, getChildren, applyBatch }",Adapter for useNestedGroup / useNestedUngroup.
src/interactions/actions/group/nestedGroup.ts,NestedGroupActionAdapter.getSelection,field,string[],Read current selection.
src/interactions/actions/group/nestedGroup.ts,NestedGroupActionAdapter.getObject,field,TObject \,undefined
src/interactions/actions/group/nestedGroup.ts,NestedGroupActionAdapter.getChildren,field,string[],Enumerate direct children of id (null = root siblings).
src/interactions/actions/group/nestedGroup.ts,NestedGroupActionAdapter.applyBatch?,field,void,Optional: op-batch entry point.
src/interactions/actions/group/nestedGroup.ts,UseNestedGroupOptions,interface,"{ groupFactory, composePose, decomposePose, groupPoseFromChildren, bindKeyboard, newGroupId, label, minMembers }",Options for useNestedGroup.
src/interactions/actions/group/nestedGroup.ts,UseNestedGroupOptions.groupFactory,field,(args: { id: string; localPose: TPose; childIds: string[] }) => TObject,Mint the new group scene object.
src/interactions/actions/group/nestedGroup.ts,UseNestedGroupOptions.composePose,field,"(parent: TPose, child: TPose) => TPose",Compose a parent local + child local into the equivalent pose one frame up.
src/interactions/actions/group/nestedGroup.ts,UseNestedGroupOptions.decomposePose,field,"(parent: TPose, world: TPose) => TPose",Inverse of composePose: recover a child's local from its world pose given the parent's world pose.
src/interactions/actions/group/nestedGroup.ts,UseNestedGroupOptions.groupPoseFromChildren?,field,(childWorldPoses: TPose[]) => TPose,Compute the group's local pose given the world poses of its children.
src/interactions/actions/group/nestedGroup.ts,UseNestedGroupOptions.bindKeyboard?,field,boolean,Auto-bind Mod+G on document.
src/interactions/actions/group/nestedGroup.ts,UseNestedGroupOptions.newGroupId?,field,() => string,Mint the id for the new group.
src/interactions/actions/group/nestedGroup.ts,UseNestedGroupOptions.label?,field,string,Label passed to applyBatch.
src/interactions/actions/group/nestedGroup.ts,UseNestedGroupOptions.minMembers?,field,number,Minimum selection size that produces a group.
src/interactions/actions/group/nestedGroup.ts,UseNestedGroupReturn,interface,{ group },Return shape of useNestedGroup.
src/interactions/actions/group/nestedGroup.ts,UseNestedGroupReturn.group,field,string \,null
src/interactions/actions/group/nestedGroup.ts,useNestedGroup,hook,"(adapter: NestedGroupActionAdapter<TObject, TPose>, options: UseNestedGroupOptions<TObject, TPose>) => UseNestedGroupReturn",Selection-grouping action that inserts a real scene-graph parent and reparents the selection under it.
src/interactions/actions/group/nestedGroup.ts,useNestedGroup.adapter,param,"adapter: NestedGroupActionAdapter<TObject, TPose>",
src/interactions/actions/group/nestedGroup.ts,useNestedGroup.options,param,"options: UseNestedGroupOptions<TObject, TPose>",
src/interactions/actions/group/nestedGroup.ts,UseNestedUngroupOptions,interface,"{ composePose, decomposePose, bindKeyboard, label, isGroup }",Options for useNestedUngroup.
src/interactions/actions/group/nestedGroup.ts,UseNestedUngroupOptions.composePose,field,"(parent: TPose, child: TPose) => TPose",Compose a parent local + child local into the next-frame-up pose.
src/interactions/actions/group/nestedGroup.ts,UseNestedUngroupOptions.decomposePose,field,"(parent: TPose, world: TPose) => TPose",Inverse of composePose.
src/interactions/actions/group/nestedGroup.ts,UseNestedUngroupOptions.bindKeyboard?,field,boolean,Auto-bind Mod+Shift+G on document.
src/interactions/actions/group/nestedGroup.ts,UseNestedUngroupOptions.label?,field,string,Label passed to applyBatch.
src/interactions/actions/group/nestedGroup.ts,UseNestedUngroupOptions.isGroup?,field,"(id: string, object: TObject \",undefined) => boolean
src/interactions/actions/group/nestedGroup.ts,UseNestedUngroupReturn,interface,{ ungroup },Return shape of useNestedUngroup.
src/interactions/actions/group/nestedGroup.ts,UseNestedUngroupReturn.ungroup,field,string[],"Imperative trigger — for every group in the current selection, reparents its children to the grandparent (rebasing each local pose so visual world positions are"
src/interactions/actions/group/nestedGroup.ts,useNestedUngroup,hook,"(adapter: NestedGroupActionAdapter<TObject, TPose>, options: UseNestedUngroupOptions<TObject, TPose>) => UseNestedUngroupReturn",Selection-ungrouping action; optionally binds Mod+Shift+G.
src/interactions/actions/group/nestedGroup.ts,useNestedUngroup.adapter,param,"adapter: NestedGroupActionAdapter<TObject, TPose>",
src/interactions/actions/group/nestedGroup.ts,useNestedUngroup.options,param,"options: UseNestedUngroupOptions<TObject, TPose>",
src/interactions/actions/nudge/index.ts,useNudge,reexport,re-export from './nudge',
src/interactions/actions/nudge/index.ts,NudgeAdapter,reexport,re-export from './nudge',
src/interactions/actions/nudge/index.ts,NudgeDirection,reexport,re-export from './nudge',
src/interactions/actions/nudge/index.ts,UseNudgeOptions,reexport,re-export from './nudge',
src/interactions/actions/nudge/index.ts,UseNudgeReturn,reexport,re-export from './nudge',
src/interactions/actions/nudge/nudge.ts,NudgeDirection,type,'up' \,'down' \
src/interactions/actions/nudge/nudge.ts,NudgeAdapter,interface,"{ getSelection, getPose, applyBatch }",Adapter for useNudge.
src/interactions/actions/nudge/nudge.ts,NudgeAdapter.getSelection,field,string[],Read current selection.
src/interactions/actions/nudge/nudge.ts,NudgeAdapter.getPose,field,TPose,Read pose for an id; used as from for the transform op.
src/interactions/actions/nudge/nudge.ts,NudgeAdapter.applyBatch?,field,void,Optional: op-batch entry point.
src/interactions/actions/nudge/nudge.ts,UseNudgeOptions,interface,"{ translatePose, enableKeyboard, label, step, shiftStep }",Options for useNudge.
src/interactions/actions/nudge/nudge.ts,UseNudgeOptions.translatePose?,field,"(pose: TPose, dx: number, dy: number) => TPose","How to apply a (dx, dy) translation to a pose."
src/interactions/actions/nudge/nudge.ts,UseNudgeOptions.enableKeyboard?,field,boolean,Auto-bind arrow keys on document.
src/interactions/actions/nudge/nudge.ts,UseNudgeOptions.label?,field,string,Label passed to applyBatch.
src/interactions/actions/nudge/nudge.ts,UseNudgeOptions.step?,field,number,Base step in world units.
src/interactions/actions/nudge/nudge.ts,UseNudgeOptions.shiftStep?,field,number,Step used when shift held.
src/interactions/actions/nudge/nudge.ts,UseNudgeReturn,interface,{ nudge },Return shape of useNudge.
src/interactions/actions/nudge/nudge.ts,UseNudgeReturn.nudge,field,void,Imperative trigger.
src/interactions/actions/nudge/nudge.ts,useNudge,hook,"(adapter: NudgeAdapter<TPose>, options: UseNudgeOptions<TPose> = {}) => UseNudgeReturn",Arrow-key nudge action; binds arrow keys (with optional shift modifier for larger step) by default.
src/interactions/actions/nudge/nudge.ts,useNudge.adapter,param,adapter: NudgeAdapter<TPose>,
src/interactions/actions/nudge/nudge.ts,useNudge.options,param,options: UseNudgeOptions<TPose> = {},
src/interactions/actions/reorder/index.ts,useReorder,reexport,re-export from './reorder',
src/interactions/actions/reorder/index.ts,ReorderAdapter,reexport,re-export from './reorder',
src/interactions/actions/reorder/index.ts,UseReorderOptions,reexport,re-export from './reorder',
src/interactions/actions/reorder/index.ts,UseReorderReturn,reexport,re-export from './reorder',
src/interactions/actions/reorder/reorder.ts,ReorderAdapter,interface,"{ getSelection, getParent, getChildren, setChildOrder, applyBatch }",Adapter for useReorder; both order methods optional and the hook no-ops when either is absent.
src/interactions/actions/reorder/reorder.ts,ReorderAdapter.getSelection,field,string[],
src/interactions/actions/reorder/reorder.ts,ReorderAdapter.getParent,field,string \,null
src/interactions/actions/reorder/reorder.ts,ReorderAdapter.getChildren?,field,string[],"Optional — when absent, every reorder method is a silent no-op."
src/interactions/actions/reorder/reorder.ts,ReorderAdapter.setChildOrder?,field,void,"Optional — when absent, every reorder method is a silent no-op."
src/interactions/actions/reorder/reorder.ts,ReorderAdapter.applyBatch?,field,void,Optional: op-batch entry point.
src/interactions/actions/reorder/reorder.ts,UseReorderOptions,interface,"{ enableKeyboard, filter }",Options for useReorder.
src/interactions/actions/reorder/reorder.ts,UseReorderOptions.enableKeyboard?,field,boolean,Auto-bind Mod+] / Mod+[ (with optional Shift for to-front/to-back) on document.
src/interactions/actions/reorder/reorder.ts,UseReorderOptions.filter?,field,(ids: string[]) => string[],"Optional filter — given selected ids, return the subset to reorder."
src/interactions/actions/reorder/reorder.ts,UseReorderReturn,interface,"{ bringForward, sendBackward, bringToFront, sendToBack }",Return shape of useReorder: imperative bring/send methods.
src/interactions/actions/reorder/reorder.ts,UseReorderReturn.bringForward,field,void,
src/interactions/actions/reorder/reorder.ts,UseReorderReturn.sendBackward,field,void,
src/interactions/actions/reorder/reorder.ts,UseReorderReturn.bringToFront,field,void,
src/interactions/actions/reorder/reorder.ts,UseReorderReturn.sendToBack,field,void,
src/interactions/actions/reorder/reorder.ts,useReorder,hook,"(adapter: ReorderAdapter, options: UseReorderOptions = {}) => UseReorderReturn",Sibling z-order action; binds Mod+] / Mod+[ (forward/backward) and Shift-modified variants (front/back) by default.
src/interactions/actions/reorder/reorder.ts,useReorder.adapter,param,adapter: ReorderAdapter,
src/interactions/actions/reorder/reorder.ts,useReorder.options,param,options: UseReorderOptions = {},
src/interactions/actions/select-all/index.ts,useSelectAll,reexport,re-export from './select-all',
src/interactions/actions/select-all/index.ts,SelectAllAdapter,reexport,re-export from './select-all',
src/interactions/actions/select-all/index.ts,UseSelectAllOptions,reexport,re-export from './select-all',
src/interactions/actions/select-all/index.ts,UseSelectAllReturn,reexport,re-export from './select-all',
src/interactions/actions/select-all/select-all.ts,SelectAllAdapter,interface,"{ getSelection, listAll, applyBatch, setSelection }",Adapter for useSelectAll.
src/interactions/actions/select-all/select-all.ts,SelectAllAdapter.getSelection,field,string[],Read current selection (used as from for the setSelection op).
src/interactions/actions/select-all/select-all.ts,SelectAllAdapter.listAll,field,string[],Return all selectable ids.
src/interactions/actions/select-all/select-all.ts,SelectAllAdapter.applyBatch?,field,void,Optional: op-batch entry point.
src/interactions/actions/select-all/select-all.ts,SelectAllAdapter.setSelection?,field,void,Mutator wired by setSelection op when applyBatch is omitted.
src/interactions/actions/select-all/select-all.ts,UseSelectAllOptions,interface,"{ enableKeyboard, label }",Options for useSelectAll.
src/interactions/actions/select-all/select-all.ts,UseSelectAllOptions.enableKeyboard?,field,boolean,Auto-bind Ctrl/Cmd+A on document.
src/interactions/actions/select-all/select-all.ts,UseSelectAllOptions.label?,field,string,Label passed to applyBatch.
src/interactions/actions/select-all/select-all.ts,UseSelectAllReturn,interface,{ selectAll },Return shape of useSelectAll.
src/interactions/actions/select-all/select-all.ts,UseSelectAllReturn.selectAll,field,void,Imperative trigger — selects every id from the adapter.
src/interactions/actions/select-all/select-all.ts,useSelectAll,hook,"(adapter: SelectAllAdapter, options: UseSelectAllOptions = {}) => UseSelectAllReturn",Select-all action; binds Ctrl/Cmd+A on document by default.
src/interactions/actions/select-all/select-all.ts,useSelectAll.adapter,param,adapter: SelectAllAdapter,
src/interactions/actions/select-all/select-all.ts,useSelectAll.options,param,options: UseSelectAllOptions = {},
src/interactions/actions/undo-redo/index.ts,useUndoRedo,reexport,re-export from './undoRedo',
src/interactions/actions/undo-redo/index.ts,UndoRedoAdapter,reexport,re-export from './undoRedo',
src/interactions/actions/undo-redo/index.ts,UseUndoRedoOptions,reexport,re-export from './undoRedo',
src/interactions/actions/undo-redo/index.ts,UseUndoRedoReturn,reexport,re-export from './undoRedo',
src/interactions/actions/undo-redo/undoRedo.ts,UndoRedoAdapter,interface,"{ undo, redo, canUndo, canRedo }",Adapter for useUndoRedo.
src/interactions/actions/undo-redo/undoRedo.ts,UndoRedoAdapter.undo,field,void,
src/interactions/actions/undo-redo/undoRedo.ts,UndoRedoAdapter.redo,field,void,
src/interactions/actions/undo-redo/undoRedo.ts,UndoRedoAdapter.canUndo?,field,boolean,
src/interactions/actions/undo-redo/undoRedo.ts,UndoRedoAdapter.canRedo?,field,boolean,
src/interactions/actions/undo-redo/undoRedo.ts,UseUndoRedoOptions,interface,{ bindKeyboard },Options for useUndoRedo.
src/interactions/actions/undo-redo/undoRedo.ts,UseUndoRedoOptions.bindKeyboard?,field,boolean,Auto-bind Mod+Z (undo) and Mod+Shift+Z (redo) on document.
src/interactions/actions/undo-redo/undoRedo.ts,UseUndoRedoReturn,interface,"{ undo, redo }",Return shape of useUndoRedo.
src/interactions/actions/undo-redo/undoRedo.ts,UseUndoRedoReturn.undo,field,boolean,Imperative trigger — undo if the adapter has anything to undo.
src/interactions/actions/undo-redo/undoRedo.ts,UseUndoRedoReturn.redo,field,boolean,Imperative trigger — redo if the adapter has anything to redo.
src/interactions/actions/undo-redo/undoRedo.ts,useUndoRedo,hook,"(adapter: UndoRedoAdapter, options: UseUndoRedoOptions = {}) => UseUndoRedoReturn",Undo/redo action; optionally binds Mod+Z and Mod+Shift+Z.
src/interactions/actions/undo-redo/undoRedo.ts,useUndoRedo.adapter,param,adapter: UndoRedoAdapter,
src/interactions/actions/undo-redo/undoRedo.ts,useUndoRedo.options,param,options: UseUndoRedoOptions = {},
src/interactions/actions/useKeybinding.ts,KeyBinding,interface,"{ key, mod, alt, shift, skipInEditable, enabled, preventDefault }",Declarative keybinding description used by useKeybinding.
src/interactions/actions/useKeybinding.ts,KeyBinding.key,field,string \,readonly string[]
src/interactions/actions/useKeybinding.ts,KeyBinding.mod?,field,boolean,Require Cmd (mac) or Ctrl (others).
src/interactions/actions/useKeybinding.ts,KeyBinding.alt?,field,boolean,Require Alt.
src/interactions/actions/useKeybinding.ts,KeyBinding.shift?,field,boolean \,'optional'
src/interactions/actions/useKeybinding.ts,KeyBinding.skipInEditable?,field,boolean,Skip when focus is in an editable element.
src/interactions/actions/useKeybinding.ts,KeyBinding.enabled?,field,boolean,"When false, the listener is not attached."
src/interactions/actions/useKeybinding.ts,KeyBinding.preventDefault?,field,boolean,Call preventDefault before the handler.
src/interactions/actions/useKeybinding.ts,isEditableTarget,function,(target: EventTarget \,null) => boolean
src/interactions/actions/useKeybinding.ts,isEditableTarget.target,param,target: EventTarget \,null
src/interactions/actions/useKeybinding.ts,useKeybinding,hook,"(binding: KeyBinding, handler: (event: KeyboardEvent) => void) => void","Bind a keyboard handler on document, with the conventional skip-rules applied."
src/interactions/actions/useKeybinding.ts,useKeybinding.binding,param,binding: KeyBinding,
src/interactions/actions/useKeybinding.ts,useKeybinding.handler,param,handler: (event: KeyboardEvent) => void,
src/interactions/gestures/area-select/areaSelect.ts,UseAreaSelectOptions,interface,"{ behaviors, transient, label, onGestureStart, onGestureEnd, debug }",Options for useAreaSelect.
src/interactions/gestures/area-select/areaSelect.ts,UseAreaSelectOptions.behaviors?,field,AreaSelectBehavior[],
src/interactions/gestures/area-select/areaSelect.ts,UseAreaSelectOptions.transient?,field,boolean,"When set, overrides any behavior's defaultTransient."
src/interactions/gestures/area-select/areaSelect.ts,UseAreaSelectOptions.label?,field,string,Label used when transient is false and the hook falls back to applyBatch.
src/interactions/gestures/area-select/areaSelect.ts,UseAreaSelectOptions.onGestureStart?,field,() => void,
src/interactions/gestures/area-select/areaSelect.ts,UseAreaSelectOptions.onGestureEnd?,field,(committed: boolean) => void,
src/interactions/gestures/area-select/areaSelect.ts,UseAreaSelectOptions.debug?,field,DebugSink,Optional debug sink.
src/interactions/gestures/area-select/areaSelect.ts,AreaSelectController,interface,"{ start, move, end, cancel, isAreaSelecting, overlay, adapter }",Return shape of useAreaSelect: lifecycle methods and live marquee overlay.
src/interactions/gestures/area-select/areaSelect.ts,AreaSelectController.start,field,void,
src/interactions/gestures/area-select/areaSelect.ts,AreaSelectController.move,field,boolean,
src/interactions/gestures/area-select/areaSelect.ts,AreaSelectController.end,field,void,
src/interactions/gestures/area-select/areaSelect.ts,AreaSelectController.cancel,field,void,
src/interactions/gestures/area-select/areaSelect.ts,AreaSelectController.isAreaSelecting,field,boolean,
src/interactions/gestures/area-select/areaSelect.ts,AreaSelectController.overlay,field,AreaSelectOverlay \,null
src/interactions/gestures/area-select/areaSelect.ts,AreaSelectController.adapter,field,AreaSelectAdapter,The adapter passed in.
src/interactions/gestures/area-select/areaSelect.ts,useAreaSelect,hook,"(adapter: AreaSelectAdapter, options: UseAreaSelectOptions = {}) => AreaSelectController",Drag-rectangle area-select interaction; behaviors decide replace-vs-add semantics from modifiers.
src/interactions/gestures/area-select/areaSelect.ts,useAreaSelect.adapter,param,adapter: AreaSelectAdapter,
src/interactions/gestures/area-select/areaSelect.ts,useAreaSelect.options,param,options: UseAreaSelectOptions = {},
src/interactions/gestures/area-select/behaviors/index.ts,selectFromMarquee,reexport,re-export from './selectFromMarquee',
src/interactions/gestures/area-select/behaviors/selectFromMarquee.ts,selectFromMarquee,function,() => AreaSelectBehavior,"Default area-select behavior: replace selection with hits inside the marquee, or extend with shift held."
src/interactions/gestures/area-select/index.ts,useAreaSelect,reexport,re-export from './areaSelect',
src/interactions/gestures/area-select/index.ts,UseAreaSelectOptions,reexport,re-export from './areaSelect',
src/interactions/gestures/area-select/index.ts,AreaSelectController,reexport,re-export from './areaSelect',
src/interactions/gestures/area-select/index.ts,* from './behaviors',reexport-all,*,
src/interactions/gestures/clone/behaviors/cloneByAltDrag.ts,cloneByAltDrag,function,() => CloneBehavior,Clone-on-alt-drag behavior for useClone; activates when Alt/Option is held at drag start.
src/interactions/gestures/clone/behaviors/index.ts,cloneByAltDrag,reexport,re-export from './cloneByAltDrag',
src/interactions/gestures/clone/clone.ts,UseCloneOptions,interface,"{ behaviors, setOverlay, clearOverlay, expandIds }",Options for useClone.
src/interactions/gestures/clone/clone.ts,UseCloneOptions.behaviors,field,CloneBehavior[],
src/interactions/gestures/clone/clone.ts,UseCloneOptions.setOverlay,field,"(layer: CloneLayer, objects: unknown[]) => void",
src/interactions/gestures/clone/clone.ts,UseCloneOptions.clearOverlay,field,() => void,
src/interactions/gestures/clone/clone.ts,UseCloneOptions.expandIds?,field,(ids: string[]) => string[],Optional: expand the incoming id list before snapshot.
src/interactions/gestures/clone/clone.ts,UseCloneReturn,interface,"{ start, move, end, cancel, isCloning }",Return shape of useClone: lifecycle methods plus the isCloning flag.
src/interactions/gestures/clone/clone.ts,UseCloneReturn.start,field,void,
src/interactions/gestures/clone/clone.ts,UseCloneReturn.move,field,boolean,
src/interactions/gestures/clone/clone.ts,UseCloneReturn.end,field,void,
src/interactions/gestures/clone/clone.ts,UseCloneReturn.cancel,field,void,
src/interactions/gestures/clone/clone.ts,UseCloneReturn.isCloning,field,boolean,
src/interactions/gestures/clone/clone.ts,useClone,hook,"(adapter: InsertAdapter<T>, options: UseCloneOptions) => UseCloneReturn",Drag-to-clone interaction; behavior decides which modifiers activate cloning vs plain move.
src/interactions/gestures/clone/clone.ts,useClone.adapter,param,adapter: InsertAdapter<T>,
src/interactions/gestures/clone/clone.ts,useClone.options,param,options: UseCloneOptions,
src/interactions/gestures/clone/index.ts,useClone,reexport,re-export from './clone',
src/interactions/gestures/clone/index.ts,UseCloneOptions,reexport,re-export from './clone',
src/interactions/gestures/clone/index.ts,UseCloneReturn,reexport,re-export from './clone',
src/interactions/gestures/clone/index.ts,cloneByAltDrag,reexport,re-export from './behaviors',
src/interactions/gestures/edit-anchors/editAnchors.ts,EditAnchorsAdapter,interface,"{ getObject, getPose, setPose, applyBatch }",Adapter for useEditAnchors — narrow read/write of one object's path pose.
src/interactions/gestures/edit-anchors/editAnchors.ts,EditAnchorsAdapter.getObject,field,TObject \,undefined
src/interactions/gestures/edit-anchors/editAnchors.ts,EditAnchorsAdapter.getPose,field,Path,Must return a Path; only kind === 'polygon' is editable.
src/interactions/gestures/edit-anchors/editAnchors.ts,EditAnchorsAdapter.setPose,field,void,
src/interactions/gestures/edit-anchors/editAnchors.ts,EditAnchorsAdapter.applyBatch?,field,"(ops: Op[], label?: string) => void",
src/interactions/gestures/edit-anchors/editAnchors.ts,EditAnchorsOverlay,interface,"{ id, pose, selectedAnchors, drag }",Live overlay state for the anchor-edit pass.
src/interactions/gestures/edit-anchors/editAnchors.ts,EditAnchorsOverlay.id,field,string,
src/interactions/gestures/edit-anchors/editAnchors.ts,EditAnchorsOverlay.pose,field,PolygonPath,
src/interactions/gestures/edit-anchors/editAnchors.ts,EditAnchorsOverlay.selectedAnchors,field,number[],
src/interactions/gestures/edit-anchors/editAnchors.ts,EditAnchorsOverlay.drag,field,{ hit: AnchorHit } \,null
src/interactions/gestures/edit-anchors/editAnchors.ts,EditAnchorsStartArgs,interface,"{ id, hit, worldX, worldY }",Arguments to start().
src/interactions/gestures/edit-anchors/editAnchors.ts,EditAnchorsStartArgs.id,field,string,
src/interactions/gestures/edit-anchors/editAnchors.ts,EditAnchorsStartArgs.hit,field,AnchorHit,
src/interactions/gestures/edit-anchors/editAnchors.ts,EditAnchorsStartArgs.worldX,field,number,
src/interactions/gestures/edit-anchors/editAnchors.ts,EditAnchorsStartArgs.worldY,field,number,
src/interactions/gestures/edit-anchors/editAnchors.ts,EditAnchorsMoveArgs,interface,"{ worldX, worldY, modifiers }",Arguments to move().
src/interactions/gestures/edit-anchors/editAnchors.ts,EditAnchorsMoveArgs.worldX,field,number,
src/interactions/gestures/edit-anchors/editAnchors.ts,EditAnchorsMoveArgs.worldY,field,number,
src/interactions/gestures/edit-anchors/editAnchors.ts,EditAnchorsMoveArgs.modifiers,field,ModifierState,
src/interactions/gestures/edit-anchors/editAnchors.ts,UseEditAnchorsOptions,interface,"{ hitRadius, editLabel, editingId, debug }",Options for useEditAnchors.
src/interactions/gestures/edit-anchors/editAnchors.ts,UseEditAnchorsOptions.hitRadius?,field,number,World-space hit-test radius for anchor and control handles.
src/interactions/gestures/edit-anchors/editAnchors.ts,UseEditAnchorsOptions.editLabel?,field,string,History label.
src/interactions/gestures/edit-anchors/editAnchors.ts,UseEditAnchorsOptions.editingId?,field,string \,null
src/interactions/gestures/edit-anchors/editAnchors.ts,UseEditAnchorsOptions.debug?,field,DebugSink,Optional debug sink.
src/interactions/gestures/edit-anchors/editAnchors.ts,EditAnchorsController,interface,"{ start, move, end, cancel, isActive, overlay, tryHit, clearSelection, adapter }",Return shape of useEditAnchors.
src/interactions/gestures/edit-anchors/editAnchors.ts,EditAnchorsController.start,field,void,
src/interactions/gestures/edit-anchors/editAnchors.ts,EditAnchorsController.move,field,boolean,
src/interactions/gestures/edit-anchors/editAnchors.ts,EditAnchorsController.end,field,void,
src/interactions/gestures/edit-anchors/editAnchors.ts,EditAnchorsController.cancel,field,void,
src/interactions/gestures/edit-anchors/editAnchors.ts,EditAnchorsController.isActive,field,boolean,
src/interactions/gestures/edit-anchors/editAnchors.ts,EditAnchorsController.overlay,field,EditAnchorsOverlay \,null
src/interactions/gestures/edit-anchors/editAnchors.ts,EditAnchorsController.tryHit,field,{ id: string; hit: AnchorHit } \,null
src/interactions/gestures/edit-anchors/editAnchors.ts,EditAnchorsController.clearSelection,field,void,Clear the highlighted anchor selection (stays in edit mode).
src/interactions/gestures/edit-anchors/editAnchors.ts,EditAnchorsController.adapter,field,EditAnchorsAdapter<TObject>,
src/interactions/gestures/edit-anchors/editAnchors.ts,useEditAnchors,hook,"(adapter: EditAnchorsAdapter<TObject>, options: UseEditAnchorsOptions = {}) => EditAnchorsController<TObject>",
src/interactions/gestures/edit-anchors/editAnchors.ts,useEditAnchors.adapter,param,adapter: EditAnchorsAdapter<TObject>,
src/interactions/gestures/edit-anchors/editAnchors.ts,useEditAnchors.options,param,options: UseEditAnchorsOptions = {},
src/interactions/gestures/edit-anchors/geometry.ts,PathAnchor,interface,"{ anchorIndex, x, y, controlIn, controlOut, coordIndex }","A single anchor on a PolygonPath, with its incoming/outgoing bezier control points (when present)."
src/interactions/gestures/edit-anchors/geometry.ts,PathAnchor.anchorIndex,field,number,Sequential anchor index in walk order (0-based).
src/interactions/gestures/edit-anchors/geometry.ts,PathAnchor.x,field,number,On-curve point.
src/interactions/gestures/edit-anchors/geometry.ts,PathAnchor.y,field,number,
src/interactions/gestures/edit-anchors/geometry.ts,PathAnchor.controlIn?,field,{ x: number; y: number; coordIndex: number },"Incoming control (from the previous segment, when it was C/Q)."
src/interactions/gestures/edit-anchors/geometry.ts,PathAnchor.controlOut?,field,{ x: number; y: number; coordIndex: number },"Outgoing control (from the next segment, when it is C/Q)."
src/interactions/gestures/edit-anchors/geometry.ts,PathAnchor.coordIndex,field,number,Index of the anchor's on-curve x in coords.
src/interactions/gestures/edit-anchors/geometry.ts,enumerateAnchors,function,(path: PolygonPath) => PathAnchor[],Walk a PolygonPath's command stream and yield one PathAnchor per on-curve point.
src/interactions/gestures/edit-anchors/geometry.ts,enumerateAnchors.path,param,path: PolygonPath,
src/interactions/gestures/edit-anchors/geometry.ts,withCoord,function,"(path: PolygonPath, coordIndex: number, x: number, y: number) => PolygonPath","Mutate coords in-place: write (x, y) at coordIndex, return a new PolygonPath sharing the same commands but with a fresh coords buffer."
src/interactions/gestures/edit-anchors/geometry.ts,withCoord.path,param,path: PolygonPath,
src/interactions/gestures/edit-anchors/geometry.ts,withCoord.coordIndex,param,coordIndex: number,
src/interactions/gestures/edit-anchors/geometry.ts,withCoord.x,param,x: number,
src/interactions/gestures/edit-anchors/geometry.ts,withCoord.y,param,y: number,
src/interactions/gestures/edit-anchors/handles.ts,AnchorHit,interface,"{ anchorIndex, kind, coordIndex }",Result of a hit-test against a path's anchors / control handles.
src/interactions/gestures/edit-anchors/handles.ts,AnchorHit.anchorIndex,field,number,
src/interactions/gestures/edit-anchors/handles.ts,AnchorHit.kind,field,'anchor' \,'controlIn' \
src/interactions/gestures/edit-anchors/handles.ts,AnchorHit.coordIndex,field,number,Index in coords of the hit point's x.
src/interactions/gestures/edit-anchors/handles.ts,hitAnchor,function,"(path: PolygonPath, worldX: number, worldY: number, threshold: number) => AnchorHit \",null
src/interactions/gestures/edit-anchors/handles.ts,hitAnchor.path,param,path: PolygonPath,
src/interactions/gestures/edit-anchors/handles.ts,hitAnchor.worldX,param,worldX: number,
src/interactions/gestures/edit-anchors/handles.ts,hitAnchor.worldY,param,worldY: number,
src/interactions/gestures/edit-anchors/handles.ts,hitAnchor.threshold,param,threshold: number,
src/interactions/gestures/edit-anchors/handles.ts,PathAnchor,reexport,re-export of PathAnchor,
src/interactions/gestures/edit-anchors/index.ts,useEditAnchors,reexport,re-export from './editAnchors',
src/interactions/gestures/edit-anchors/index.ts,UseEditAnchorsOptions,reexport,re-export from './editAnchors',
src/interactions/gestures/edit-anchors/index.ts,EditAnchorsController,reexport,re-export from './editAnchors',
src/interactions/gestures/edit-anchors/index.ts,EditAnchorsAdapter,reexport,re-export from './editAnchors',
src/interactions/gestures/edit-anchors/index.ts,EditAnchorsOverlay,reexport,re-export from './editAnchors',
src/interactions/gestures/edit-anchors/index.ts,EditAnchorsStartArgs,reexport,re-export from './editAnchors',
src/interactions/gestures/edit-anchors/index.ts,EditAnchorsMoveArgs,reexport,re-export from './editAnchors',
src/interactions/gestures/edit-anchors/index.ts,hitAnchor,reexport,re-export from './handles',
src/interactions/gestures/edit-anchors/index.ts,AnchorHit,reexport,re-export from './handles',
src/interactions/gestures/edit-anchors/index.ts,PathAnchor,reexport,re-export from './handles',
src/interactions/gestures/edit-anchors/index.ts,enumerateAnchors,reexport,re-export from './geometry',
src/interactions/gestures/edit-anchors/index.ts,withCoord,reexport,re-export from './geometry',
src/interactions/gestures/edit-anchors/index.ts,createAnchorEditOverlayLayer,reexport,re-export from './overlay',
src/interactions/gestures/edit-anchors/index.ts,AnchorEditOverlayOpts,reexport,re-export from './overlay',
src/interactions/gestures/edit-anchors/overlay.ts,AnchorEditOverlayOpts,interface,"{ getOverlay, tangentStroke, anchorRadius, controlRadius, anchorFill, anchorStroke, selectedAnchorFill, controlFill, controlStroke }",Visual options for the anchor-edit overlay.
src/interactions/gestures/edit-anchors/overlay.ts,AnchorEditOverlayOpts.getOverlay,field,() => { pose: PolygonPath; selectedAnchors: number[]; } \,null
src/interactions/gestures/edit-anchors/overlay.ts,AnchorEditOverlayOpts.tangentStroke?,field,string,Tangent-line stroke color.
src/interactions/gestures/edit-anchors/overlay.ts,AnchorEditOverlayOpts.anchorRadius?,field,number,Anchor circle radius (world units).
src/interactions/gestures/edit-anchors/overlay.ts,AnchorEditOverlayOpts.controlRadius?,field,number,Control circle radius (world units).
src/interactions/gestures/edit-anchors/overlay.ts,AnchorEditOverlayOpts.anchorFill?,field,string,Anchor fill.
src/interactions/gestures/edit-anchors/overlay.ts,AnchorEditOverlayOpts.anchorStroke?,field,string,Anchor stroke.
src/interactions/gestures/edit-anchors/overlay.ts,AnchorEditOverlayOpts.selectedAnchorFill?,field,string,Selected-anchor fill (highlight).
src/interactions/gestures/edit-anchors/overlay.ts,AnchorEditOverlayOpts.controlFill?,field,string,Control fill.
src/interactions/gestures/edit-anchors/overlay.ts,AnchorEditOverlayOpts.controlStroke?,field,string,Control stroke.
src/interactions/gestures/edit-anchors/overlay.ts,createAnchorEditOverlayLayer,function,(opts: AnchorEditOverlayOpts) => RenderLayer<unknown>,
src/interactions/gestures/edit-anchors/overlay.ts,createAnchorEditOverlayLayer.opts,param,opts: AnchorEditOverlayOpts,
src/interactions/gestures/insert/behaviors/index.ts,snapToGrid,reexport,re-export from './snapToGrid',
src/interactions/gestures/insert/behaviors/snapToGrid.ts,snapToGrid,function,(args: { spacing: number; bypassKey?: ModKey; }) => InsertBehavior<TPose>,
src/interactions/gestures/insert/behaviors/snapToGrid.ts,snapToGrid.args,param,args: { spacing: number; bypassKey?: ModKey; },
src/interactions/gestures/insert/index.ts,useInsert,reexport,re-export from './insert',
src/interactions/gestures/insert/index.ts,UseInsertOptions,reexport,re-export from './insert',
src/interactions/gestures/insert/index.ts,InsertController,reexport,re-export from './insert',
src/interactions/gestures/insert/index.ts,* from './behaviors',reexport-all,*,
src/interactions/gestures/insert/insert.ts,UseInsertOptions,interface,"{ behaviors, insertLabel, transient, minBounds, posefromBounds, pointInsert, clickOnly, applyBatch, onGestureStart, onGestureEnd }",Options for useInsert.
src/interactions/gestures/insert/insert.ts,UseInsertOptions.behaviors?,field,InsertBehavior<TPose>[],
src/interactions/gestures/insert/insert.ts,UseInsertOptions.insertLabel?,field,string,
src/interactions/gestures/insert/insert.ts,UseInsertOptions.transient?,field,boolean,Reserved; insert is never transient in practice.
src/interactions/gestures/insert/insert.ts,UseInsertOptions.minBounds?,field,{ width: number; height: number },Strictly-greater-than thresholds; bounds with width <= or height <= abort.
src/interactions/gestures/insert/insert.ts,UseInsertOptions.posefromBounds?,field,(bounds: ResizePose) => TPose,Construct the in-flight pose from the drag bounds.
src/interactions/gestures/insert/insert.ts,UseInsertOptions.pointInsert?,field,(point: { x: number; y: number }) => TObject \,null
src/interactions/gestures/insert/insert.ts,UseInsertOptions.clickOnly?,field,boolean,Drag-disabled mode.
src/interactions/gestures/insert/insert.ts,UseInsertOptions.applyBatch?,field,"(ops: Op[], label: string) => void",Override for op dispatch on commit.
src/interactions/gestures/insert/insert.ts,UseInsertOptions.onGestureStart?,field,() => void,
src/interactions/gestures/insert/insert.ts,UseInsertOptions.onGestureEnd?,field,(committed: boolean) => void,
src/interactions/gestures/insert/insert.ts,InsertController,interface,"{ start, move, end, cancel, isInserting, overlay, adapter }",Return shape of useInsert: lifecycle methods plus the live drag-rectangle overlay.
src/interactions/gestures/insert/insert.ts,InsertController.start,field,void,
src/interactions/gestures/insert/insert.ts,InsertController.move,field,boolean,
src/interactions/gestures/insert/insert.ts,InsertController.end,field,void,
src/interactions/gestures/insert/insert.ts,InsertController.cancel,field,void,
src/interactions/gestures/insert/insert.ts,InsertController.isInserting,field,boolean,
src/interactions/gestures/insert/insert.ts,InsertController.overlay,field,InsertOverlay<TPose> \,null
src/interactions/gestures/insert/insert.ts,InsertController.adapter,field,InsertAdapter<TObject>,The adapter passed in.
src/interactions/gestures/insert/insert.ts,useInsert,hook,"(adapter: InsertAdapter<TObject>, options: UseInsertOptions<TPose, TObject> = {}) => InsertController<TObject, TPose>",Drag-rectangle insert interaction; the adapter materializes the new object on commit.
src/interactions/gestures/insert/insert.ts,useInsert.adapter,param,adapter: InsertAdapter<TObject>,
src/interactions/gestures/insert/insert.ts,useInsert.options,param,"options: UseInsertOptions<TPose, TObject> = {}",
src/interactions/gestures/move/behaviors/index.ts,snapToGrid,reexport,re-export from './snapToGrid',
src/interactions/gestures/move/behaviors/index.ts,snapToContainer,reexport,re-export from './snapToContainer',
src/interactions/gestures/move/behaviors/index.ts,snapBackOrDelete,reexport,re-export from './snapBackOrDelete',
src/interactions/gestures/move/behaviors/snapBackOrDelete.ts,snapBackOrDelete,function,(args: { radius: number; onFreeRelease: 'snap-back' \,'delete'; deleteLabel?: string; }) => MoveBehavior<TPose>
src/interactions/gestures/move/behaviors/snapBackOrDelete.ts,snapBackOrDelete.args,param,args: { radius: number; onFreeRelease: 'snap-back' \,'delete'; deleteLabel?: string; }
src/interactions/gestures/move/behaviors/snapBackOrDelete.ts,snapBackOrDelete,function,(args: { radius: number; onFreeRelease: 'snap-back' \,'delete'; deleteLabel?: string; origin: OriginProjection<TPose>; }) => MoveBehavior<TPose>
src/interactions/gestures/move/behaviors/snapBackOrDelete.ts,snapBackOrDelete.args,param,args: { radius: number; onFreeRelease: 'snap-back' \,'delete'; deleteLabel?: string; origin: OriginProjection<TPose>; }
src/interactions/gestures/move/behaviors/snapBackOrDelete.ts,snapBackOrDelete,function,(args: { radius: number; onFreeRelease: 'snap-back' \,'delete'; deleteLabel?: string; origin?: OriginProjection<TPose>; }) => MoveBehavior<TPose>
src/interactions/gestures/move/behaviors/snapBackOrDelete.ts,snapBackOrDelete.args,param,args: { radius: number; onFreeRelease: 'snap-back' \,'delete'; deleteLabel?: string; origin?: OriginProjection<TPose>; }
src/interactions/gestures/move/behaviors/snapToContainer.ts,snapToContainer,function,"(args: { dwellMs: number; findTarget: ( draggedId: string, worldX: number, worldY: number, ) => SnapTarget<TPose> \",null; isInstant?: (target: SnapTarget<TPose>) => boolean; moveLabel?: string; reparentLabel?: string; }) => MoveBehavior<TPose>
src/interactions/gestures/move/behaviors/snapToContainer.ts,snapToContainer.args,param,"args: { dwellMs: number; findTarget: ( draggedId: string, worldX: number, worldY: number, ) => SnapTarget<TPose> \",null; isInstant?: (target: SnapTarget<TPose>) => boolean; moveLabel?: string; reparentLabel?: string; }
src/interactions/gestures/move/behaviors/snapToGrid.ts,snapToGrid,function,(args: { spacing: number; bypassKey?: ModKey; }) => MoveBehavior<TPose>,
src/interactions/gestures/move/behaviors/snapToGrid.ts,snapToGrid.args,param,args: { spacing: number; bypassKey?: ModKey; },
src/interactions/gestures/move/index.ts,useMove,reexport,re-export from './move',
src/interactions/gestures/move/index.ts,UseMoveOptions,reexport,re-export from './move',
src/interactions/gestures/move/index.ts,MoveController,reexport,re-export from './move',
src/interactions/gestures/move/index.ts,MoveStartArgs,reexport,re-export from './move',
src/interactions/gestures/move/index.ts,MoveMoveArgs,reexport,re-export from './move',
src/interactions/gestures/move/index.ts,snapToGrid,reexport,re-export from './behaviors',
src/interactions/gestures/move/index.ts,snapToContainer,reexport,re-export from './behaviors',
src/interactions/gestures/move/index.ts,snapBackOrDelete,reexport,re-export from './behaviors',
src/interactions/gestures/move/move.ts,UseMoveOptions,interface,"{ translatePose, behaviors, dragThresholdPx, moveLabel, transient, onGestureStart, onGestureEnd, expandIds, cascadeWorldPose }",Options for useMove.
src/interactions/gestures/move/move.ts,UseMoveOptions.translatePose?,field,"(pose: TPose, dx: number, dy: number) => TPose","How to apply a (dx, dy) translation to a pose."
src/interactions/gestures/move/move.ts,UseMoveOptions.behaviors?,field,MoveBehavior<TPose>[],
src/interactions/gestures/move/move.ts,UseMoveOptions.dragThresholdPx?,field,number,
src/interactions/gestures/move/move.ts,UseMoveOptions.moveLabel?,field,string,
src/interactions/gestures/move/move.ts,UseMoveOptions.transient?,field,boolean,Reserved for transient gestures (no history entry).
src/interactions/gestures/move/move.ts,UseMoveOptions.onGestureStart?,field,void,
src/interactions/gestures/move/move.ts,UseMoveOptions.onGestureEnd?,field,void,
src/interactions/gestures/move/move.ts,UseMoveOptions.expandIds?,field,(ids: string[]) => string[],Optional: expand the incoming id list before pose lookups.
src/interactions/gestures/move/move.ts,UseMoveOptions.cascadeWorldPose?,field,(id: string) => TPose \,null
src/interactions/gestures/move/move.ts,MoveStartArgs,interface,"{ ids, worldX, worldY, clientX, clientY }",Arguments passed to start() when initiating a move gesture.
src/interactions/gestures/move/move.ts,MoveStartArgs.ids,field,string[],
src/interactions/gestures/move/move.ts,MoveStartArgs.worldX,field,number,
src/interactions/gestures/move/move.ts,MoveStartArgs.worldY,field,number,
src/interactions/gestures/move/move.ts,MoveStartArgs.clientX,field,number,
src/interactions/gestures/move/move.ts,MoveStartArgs.clientY,field,number,
src/interactions/gestures/move/move.ts,MoveMoveArgs,interface,"{ worldX, worldY, clientX, clientY, modifiers }",Arguments passed to move() on each pointer-move during a live gesture.
src/interactions/gestures/move/move.ts,MoveMoveArgs.worldX,field,number,
src/interactions/gestures/move/move.ts,MoveMoveArgs.worldY,field,number,
src/interactions/gestures/move/move.ts,MoveMoveArgs.clientX,field,number,
src/interactions/gestures/move/move.ts,MoveMoveArgs.clientY,field,number,
src/interactions/gestures/move/move.ts,MoveMoveArgs.modifiers,field,ModifierState,
src/interactions/gestures/move/move.ts,MoveController,interface,"{ start, move, end, cancel, isActive, overlay, adapter }",Return shape of useMove: lifecycle methods and a live overlay snapshot.
src/interactions/gestures/move/move.ts,MoveController.start,field,void,
src/interactions/gestures/move/move.ts,MoveController.move,field,boolean,
src/interactions/gestures/move/move.ts,MoveController.end,field,void,
src/interactions/gestures/move/move.ts,MoveController.cancel,field,void,
src/interactions/gestures/move/move.ts,MoveController.isActive,field,boolean,
src/interactions/gestures/move/move.ts,MoveController.overlay,field,MoveOverlay<TPose> \,null
src/interactions/gestures/move/move.ts,MoveController.adapter,field,"MoveAdapter<TObject, TPose>",The adapter passed in.
src/interactions/gestures/move/move.ts,useMove,hook,"(adapter: MoveAdapter<TObject, TPose>, options: UseMoveOptions<TPose> = {}) => MoveController<TObject, TPose>","Pointer-driven move interaction with composable behaviors (snap, container reparent, snap-back) and op-batched commit."
src/interactions/gestures/move/move.ts,useMove.adapter,param,"adapter: MoveAdapter<TObject, TPose>",
src/interactions/gestures/move/move.ts,useMove.options,param,options: UseMoveOptions<TPose> = {},
src/interactions/gestures/resize/autoPoseDescriptor.ts,isPathLike,function,(p: unknown) => p is Path,True for Path-shaped poses ({kind: 'polygon' \\
src/interactions/gestures/resize/autoPoseDescriptor.ts,isPathLike.p,param,p: unknown,
src/interactions/gestures/resize/autoPoseDescriptor.ts,AUTO_POSE_DESCRIPTOR,const,PoseDescriptor<unknown>,"Per-call dispatch: if the pose looks like a Path, route to pathPoseDescriptor; otherwise treat as a plain rect pose."
src/interactions/gestures/resize/behaviors/clampMinSize.ts,clampMinSize,function,(args: { minWidth: number; minHeight: number; }) => ResizeBehavior<TPose>,
src/interactions/gestures/resize/behaviors/clampMinSize.ts,clampMinSize.args,param,args: { minWidth: number; minHeight: number; },
src/interactions/gestures/resize/behaviors/index.ts,clampMinSize,reexport,re-export from './clampMinSize',
src/interactions/gestures/resize/behaviors/index.ts,snapToGrid,reexport,re-export from './snapToGrid',
src/interactions/gestures/resize/behaviors/snapToGrid.ts,snapToGrid,function,(args: { spacing: number; bypassKey?: ModKey; suspendBelowDim?: boolean; }) => ResizeBehavior<TPose>,
src/interactions/gestures/resize/behaviors/snapToGrid.ts,snapToGrid.args,param,args: { spacing: number; bypassKey?: ModKey; suspendBelowDim?: boolean; },
src/interactions/gestures/resize/cornerHandles.ts,CornerHandle,interface,"{ cx, cy, anchor }",Corner resize-handle: world-space center plus the anchor that pins the opposite corner during resize.
src/interactions/gestures/resize/cornerHandles.ts,CornerHandle.cx,field,number,
src/interactions/gestures/resize/cornerHandles.ts,CornerHandle.cy,field,number,
src/interactions/gestures/resize/cornerHandles.ts,CornerHandle.anchor,field,ResizeAnchor,
src/interactions/gestures/resize/cornerHandles.ts,cornerResizeHandles,function,(bounds: Bounds) => CornerHandle[],Standard 4-corner resize-handle layout: each corner pins the opposite corner via an anchor of {x: 'min'\\
src/interactions/gestures/resize/cornerHandles.ts,cornerResizeHandles.bounds,param,bounds: Bounds,
src/interactions/gestures/resize/cornerHandles.ts,hitCornerHandle,function,"(handle: CornerHandle, px: number, py: number, radius: number) => boolean","Square hit-test for a handle: returns true if (px, py) is within radius of the handle center on both axes."
src/interactions/gestures/resize/cornerHandles.ts,hitCornerHandle.handle,param,handle: CornerHandle,
src/interactions/gestures/resize/cornerHandles.ts,hitCornerHandle.px,param,px: number,
src/interactions/gestures/resize/cornerHandles.ts,hitCornerHandle.py,param,py: number,
src/interactions/gestures/resize/cornerHandles.ts,hitCornerHandle.radius,param,radius: number,
src/interactions/gestures/resize/geometry.ts,PoseDescriptor,interface,"{ getBounds, remapBounds, translate, intersectsRect, lerp }",Bridges arbitrary TPose shapes into the resize hook's bounds-driven math.
src/interactions/gestures/resize/geometry.ts,PoseDescriptor.getBounds,field,ResizePose,
src/interactions/gestures/resize/geometry.ts,PoseDescriptor.remapBounds,field,TPose,
src/interactions/gestures/resize/geometry.ts,PoseDescriptor.translate?,field,TPose,"Translate the pose by (dx, dy)."
src/interactions/gestures/resize/geometry.ts,PoseDescriptor.intersectsRect?,field,boolean,True iff any portion of the pose's geometry intersects rect.
src/interactions/gestures/resize/geometry.ts,PoseDescriptor.lerp?,field,TPose,Interpolate between two poses.
src/interactions/gestures/resize/geometry.ts,aabbIntersectsRect,function,"(b: ResizePose, r: ResizePose) => boolean",AABB-vs-AABB overlap.
src/interactions/gestures/resize/geometry.ts,aabbIntersectsRect.b,param,b: ResizePose,
src/interactions/gestures/resize/geometry.ts,aabbIntersectsRect.r,param,r: ResizePose,
src/interactions/gestures/resize/geometry.ts,RECT_POSE_DESCRIPTOR,const,PoseDescriptor<ResizePose>,Identity geometry for TPose extends ResizePose.
src/interactions/gestures/resize/index.ts,useResize,reexport,re-export from './resize',
src/interactions/gestures/resize/index.ts,UseResizeOptions,reexport,re-export from './resize',
src/interactions/gestures/resize/index.ts,ResizeController,reexport,re-export from './resize',
src/interactions/gestures/resize/index.ts,RECT_POSE_DESCRIPTOR,reexport,re-export from './geometry',
src/interactions/gestures/resize/index.ts,PoseDescriptor,reexport,re-export from './geometry',
src/interactions/gestures/resize/index.ts,cornerResizeHandles,reexport,re-export from './cornerHandles',
src/interactions/gestures/resize/index.ts,hitCornerHandle,reexport,re-export from './cornerHandles',
src/interactions/gestures/resize/index.ts,CornerHandle,reexport,re-export from './cornerHandles',
src/interactions/gestures/resize/index.ts,* from './behaviors',reexport-all,*,
src/interactions/gestures/resize/resize.ts,UseResizeOptions,interface,"{ behaviors, resizeLabel, transient, onGestureStart, onGestureEnd, expandIds, geometry, debug, handleHitRadius }",Options for useResize.
src/interactions/gestures/resize/resize.ts,UseResizeOptions.behaviors?,field,TPose extends ResizePose ? ResizeBehavior<TPose>[] : never,"Behaviors are rect-typed: they read/write {x,y,width,height}."
src/interactions/gestures/resize/resize.ts,UseResizeOptions.resizeLabel?,field,string,
src/interactions/gestures/resize/resize.ts,UseResizeOptions.transient?,field,boolean,Reserved; resize is never transient in practice.
src/interactions/gestures/resize/resize.ts,UseResizeOptions.onGestureStart?,field,(id: string) => void,
src/interactions/gestures/resize/resize.ts,UseResizeOptions.onGestureEnd?,field,(committed: boolean) => void,
src/interactions/gestures/resize/resize.ts,UseResizeOptions.expandIds?,field,(ids: string[]) => string[],Optional: expand the incoming id into leaf ids before pose lookups.
src/interactions/gestures/resize/resize.ts,UseResizeOptions.geometry?,field,PoseDescriptor<TPose>,Projection from TPose to bounds and back.
src/interactions/gestures/resize/resize.ts,UseResizeOptions.debug?,field,DebugSink,Optional debug sink.
src/interactions/gestures/resize/resize.ts,UseResizeOptions.handleHitRadius?,field,number,"Hit-test radius for corner handles, in screen pixels."
src/interactions/gestures/resize/resize.ts,ResizeController,interface,"{ start, move, end, cancel, isResizing, overlay, adapter }",Return shape of useResize: lifecycle methods plus a live overlay snapshot.
src/interactions/gestures/resize/resize.ts,ResizeController.start,field,void,
src/interactions/gestures/resize/resize.ts,ResizeController.move,field,boolean,
src/interactions/gestures/resize/resize.ts,ResizeController.end,field,void,
src/interactions/gestures/resize/resize.ts,ResizeController.cancel,field,void,
src/interactions/gestures/resize/resize.ts,ResizeController.isResizing,field,boolean,
src/interactions/gestures/resize/resize.ts,ResizeController.overlay,field,ResizeOverlay<TPose> \,null
src/interactions/gestures/resize/resize.ts,ResizeController.adapter,field,"ResizeAdapter<TObject, TPose>",The adapter passed in.
src/interactions/gestures/resize/resize.ts,useResize,hook,"(adapter: ResizeAdapter<TObject, TPose>, options: UseResizeOptions<TPose>) => ResizeController<TObject, TPose>","Pointer-driven resize interaction with anchor-relative dragging, optional group expansion, and behavior pipeline."
src/interactions/gestures/resize/resize.ts,useResize.adapter,param,"adapter: ResizeAdapter<TObject, TPose>",
src/interactions/gestures/resize/resize.ts,useResize.options,param,options: UseResizeOptions<TPose>,
src/interactions/gestures/rotate/geometry.ts,aabbCenter,function,(bounds: ResizePose) => { x: number; y: number },AABB center of an unrotated rect — the canonical rotation pivot.
src/interactions/gestures/rotate/geometry.ts,aabbCenter.bounds,param,bounds: ResizePose,
src/interactions/gestures/rotate/geometry.ts,rotatePoint,function,"(px: number, py: number, cx: number, cy: number, angle: number) => { x: number; y: number }","Rotate (px, py) by angle (radians) around (cx, cy)."
src/interactions/gestures/rotate/geometry.ts,rotatePoint.px,param,px: number,
src/interactions/gestures/rotate/geometry.ts,rotatePoint.py,param,py: number,
src/interactions/gestures/rotate/geometry.ts,rotatePoint.cx,param,cx: number,
src/interactions/gestures/rotate/geometry.ts,rotatePoint.cy,param,cy: number,
src/interactions/gestures/rotate/geometry.ts,rotatePoint.angle,param,angle: number,
src/interactions/gestures/rotate/geometry.ts,rectCorners,function,(bounds: ResizePose) => { x: number; y: number }[],"Four corners of an unrotated rect, in TL/TR/BR/BL order."
src/interactions/gestures/rotate/geometry.ts,rectCorners.bounds,param,bounds: ResizePose,
src/interactions/gestures/rotate/geometry.ts,rotatedRectCorners,function,(pose: RotatedPose) => { x: number; y: number }[],"Four corners of a rotated rect (rotation around AABB center), in TL/TR/BR/BL order."
src/interactions/gestures/rotate/geometry.ts,rotatedRectCorners.pose,param,pose: RotatedPose,
src/interactions/gestures/rotate/geometry.ts,pointInRotatedRect,function,"(pose: RotatedPose, worldX: number, worldY: number) => boolean",Hit-test a world point against a rotated rect (rotation around AABB center).
src/interactions/gestures/rotate/geometry.ts,pointInRotatedRect.pose,param,pose: RotatedPose,
src/interactions/gestures/rotate/geometry.ts,pointInRotatedRect.worldX,param,worldX: number,
src/interactions/gestures/rotate/geometry.ts,pointInRotatedRect.worldY,param,worldY: number,
src/interactions/gestures/rotate/handle.ts,DEFAULT_ROTATION_HANDLE_DISTANCE,const,24,Default world-space distance from the rect's top edge to the rotation handle's center.
src/interactions/gestures/rotate/handle.ts,RotationHandle,interface,"{ cx, cy }",Rotation handle position in world coords.
src/interactions/gestures/rotate/handle.ts,RotationHandle.cx,field,number,Handle center in world coords.
src/interactions/gestures/rotate/handle.ts,RotationHandle.cy,field,number,
src/interactions/gestures/rotate/handle.ts,rotationHandle,function,"(pose: { x: number; y: number; width: number; height: number; rotation?: number }, distance: number = DEFAULT_ROTATION_HANDLE_DISTANCE) => RotationHandle","Rotation handle for a rotated rect: top-center of the (rotated) bounding box, offset outward along the local up-vector by distance world pixels."
src/interactions/gestures/rotate/handle.ts,rotationHandle.pose,param,pose: { x: number; y: number; width: number; height: number; rotation?: number },
src/interactions/gestures/rotate/handle.ts,rotationHandle.distance,param,distance: number = DEFAULT_ROTATION_HANDLE_DISTANCE,
src/interactions/gestures/rotate/handle.ts,hitRotationHandle,function,"(handle: RotationHandle, px: number, py: number, radius: number) => boolean","Square hit-test: returns true if (px, py) is within radius of the handle's center on both axes."
src/interactions/gestures/rotate/handle.ts,hitRotationHandle.handle,param,handle: RotationHandle,
src/interactions/gestures/rotate/handle.ts,hitRotationHandle.px,param,px: number,
src/interactions/gestures/rotate/handle.ts,hitRotationHandle.py,param,py: number,
src/interactions/gestures/rotate/handle.ts,hitRotationHandle.radius,param,radius: number,
src/interactions/gestures/rotate/index.ts,useRotate,reexport,re-export from './rotate',
src/interactions/gestures/rotate/index.ts,UseRotateOptions,reexport,re-export from './rotate',
src/interactions/gestures/rotate/index.ts,RotateController,reexport,re-export from './rotate',
src/interactions/gestures/rotate/index.ts,RotateStartArgs,reexport,re-export from './rotate',
src/interactions/gestures/rotate/index.ts,RotateMoveArgs,reexport,re-export from './rotate',
src/interactions/gestures/rotate/index.ts,RotateGeometry,reexport,re-export from './rotate',
src/interactions/gestures/rotate/index.ts,aabbCenter,reexport,re-export from './geometry',
src/interactions/gestures/rotate/index.ts,rotatePoint,reexport,re-export from './geometry',
src/interactions/gestures/rotate/index.ts,rectCorners,reexport,re-export from './geometry',
src/interactions/gestures/rotate/index.ts,rotatedRectCorners,reexport,re-export from './geometry',
src/interactions/gestures/rotate/index.ts,pointInRotatedRect,reexport,re-export from './geometry',
src/interactions/gestures/rotate/index.ts,rotationHandle,reexport,re-export from './handle',
src/interactions/gestures/rotate/index.ts,hitRotationHandle,reexport,re-export from './handle',
src/interactions/gestures/rotate/index.ts,DEFAULT_ROTATION_HANDLE_DISTANCE,reexport,re-export from './handle',
src/interactions/gestures/rotate/index.ts,RotationHandle,reexport,re-export from './handle',
src/interactions/gestures/rotate/rotate.ts,RotateGeometry,interface,"{ getRotatedBounds, withRotation }","Project a TPose to its {x, y, width, height, rotation} view."
src/interactions/gestures/rotate/rotate.ts,RotateGeometry.getRotatedBounds,field,RotatedPose,
src/interactions/gestures/rotate/rotate.ts,RotateGeometry.withRotation,field,TPose,Write a new rotation back into the pose; bounds stay the same.
src/interactions/gestures/rotate/rotate.ts,RotateStartArgs,interface,"{ id, worldX, worldY }",Arguments passed to start() when initiating a rotate gesture.
src/interactions/gestures/rotate/rotate.ts,RotateStartArgs.id,field,string,
src/interactions/gestures/rotate/rotate.ts,RotateStartArgs.worldX,field,number,
src/interactions/gestures/rotate/rotate.ts,RotateStartArgs.worldY,field,number,
src/interactions/gestures/rotate/rotate.ts,RotateMoveArgs,interface,"{ worldX, worldY, modifiers }",Arguments passed to move() on each pointer-move during a live gesture.
src/interactions/gestures/rotate/rotate.ts,RotateMoveArgs.worldX,field,number,
src/interactions/gestures/rotate/rotate.ts,RotateMoveArgs.worldY,field,number,
src/interactions/gestures/rotate/rotate.ts,RotateMoveArgs.modifiers,field,ModifierState,
src/interactions/gestures/rotate/rotate.ts,UseRotateOptions,interface,"{ behaviors, rotateLabel, transient, onGestureStart, onGestureEnd, geometry, debug, rotationHandleDistance, handleHitRadius }",Options for useRotate.
src/interactions/gestures/rotate/rotate.ts,UseRotateOptions.behaviors?,field,TPose extends RotatedPose ? RotateBehavior<TPose>[] : never,Behaviors are typed against the pose shape; the kit ships none yet (rotation snap behaviors are deferred).
src/interactions/gestures/rotate/rotate.ts,UseRotateOptions.rotateLabel?,field,string,
src/interactions/gestures/rotate/rotate.ts,UseRotateOptions.transient?,field,boolean,Reserved; rotate is never transient in practice.
src/interactions/gestures/rotate/rotate.ts,UseRotateOptions.onGestureStart?,field,(id: string) => void,
src/interactions/gestures/rotate/rotate.ts,UseRotateOptions.onGestureEnd?,field,(committed: boolean) => void,
src/interactions/gestures/rotate/rotate.ts,UseRotateOptions.geometry?,field,RotateGeometry<TPose>,Project pose ↔ rotated bounds.
src/interactions/gestures/rotate/rotate.ts,UseRotateOptions.debug?,field,DebugSink,Optional debug sink.
src/interactions/gestures/rotate/rotate.ts,UseRotateOptions.rotationHandleDistance?,field,number,World-pixel distance from the AABB top edge to the rotation handle.
src/interactions/gestures/rotate/rotate.ts,UseRotateOptions.handleHitRadius?,field,number,"Hit-test radius for the rotation handle, in screen pixels."
src/interactions/gestures/rotate/rotate.ts,RotateController,interface,"{ start, move, end, cancel, isActive, overlay, adapter }",Return shape of useRotate: lifecycle methods and a live overlay snapshot.
src/interactions/gestures/rotate/rotate.ts,RotateController.start,field,void,
src/interactions/gestures/rotate/rotate.ts,RotateController.move,field,boolean,
src/interactions/gestures/rotate/rotate.ts,RotateController.end,field,void,
src/interactions/gestures/rotate/rotate.ts,RotateController.cancel,field,void,
src/interactions/gestures/rotate/rotate.ts,RotateController.isActive,field,boolean,
src/interactions/gestures/rotate/rotate.ts,RotateController.overlay,field,RotateOverlay<TPose> \,null
src/interactions/gestures/rotate/rotate.ts,RotateController.adapter,field,"RotateAdapter<TObject, TPose>",The adapter passed in.
src/interactions/gestures/rotate/rotate.ts,useRotate,hook,"(adapter: RotateAdapter<TObject, TPose>, options: UseRotateOptions<TPose> = {}) => RotateController<TObject, TPose>",Pointer-driven rotation interaction.
src/interactions/gestures/rotate/rotate.ts,useRotate.adapter,param,"adapter: RotateAdapter<TObject, TPose>",
src/interactions/gestures/rotate/rotate.ts,useRotate.options,param,options: UseRotateOptions<TPose> = {},
src/interactions/gestures/rotate/rotate.ts,ResizePose,reexport,re-export of ResizePose,
src/interactions/gestures/shared/index.ts,snap,reexport,re-export from './snap',
src/interactions/gestures/shared/index.ts,* from './strategies',reexport-all,*,
src/interactions/gestures/shared/snap.ts,snap,function,"(strategy: SnapStrategy<TPose>, opts: { bypassKey?: ModKey } = {}) => MoveBehavior<TPose>","Generic snap behavior factory: wraps a SnapStrategy and returns a MoveBehavior, with optional bypass-key."
src/interactions/gestures/shared/snap.ts,snap.strategy,param,strategy: SnapStrategy<TPose>,
src/interactions/gestures/shared/snap.ts,snap.opts,param,opts: { bypassKey?: ModKey } = {},
src/interactions/gestures/shared/strategies/grid.ts,OriginProjection,interface,"{ getOrigin, translate }","Projection used by gridSnapStrategy when TPose doesn't expose {x,y} directly (Path, polygon, etc.)."
src/interactions/gestures/shared/strategies/grid.ts,OriginProjection.getOrigin,field,{ x: number; y: number },
src/interactions/gestures/shared/strategies/grid.ts,OriginProjection.translate,field,TPose,
src/interactions/gestures/shared/strategies/grid.ts,RECT_ORIGIN_PROJECTION,const,OriginProjection<{ x: number; y: number }>,Identity projection for TPose extends { x; y }.
src/interactions/gestures/shared/strategies/grid.ts,gridSnapStrategy,function,"(spacing: UnitValue, unitSystem?: UnitSystem) => SnapStrategy<TPose>",Snap-strategy that rounds the pose's origin to the nearest multiple of spacing (resolved through unitSystem).
src/interactions/gestures/shared/strategies/grid.ts,gridSnapStrategy.spacing,param,spacing: UnitValue,
src/interactions/gestures/shared/strategies/grid.ts,gridSnapStrategy.unitSystem,param,unitSystem?: UnitSystem,
src/interactions/gestures/shared/strategies/grid.ts,gridSnapStrategy,function,"(spacing: UnitValue, opts: { unitSystem?: UnitSystem; debug?: DebugSink }) => SnapStrategy<TPose>",
src/interactions/gestures/shared/strategies/grid.ts,gridSnapStrategy.spacing,param,spacing: UnitValue,
src/interactions/gestures/shared/strategies/grid.ts,gridSnapStrategy.opts,param,opts: { unitSystem?: UnitSystem; debug?: DebugSink },
src/interactions/gestures/shared/strategies/grid.ts,gridSnapStrategy,function,"(spacing: UnitValue, opts: { unitSystem?: UnitSystem; origin: OriginProjection<TPose>; debug?: DebugSink }) => SnapStrategy<TPose>",
src/interactions/gestures/shared/strategies/grid.ts,gridSnapStrategy.spacing,param,spacing: UnitValue,
src/interactions/gestures/shared/strategies/grid.ts,gridSnapStrategy.opts,param,opts: { unitSystem?: UnitSystem; origin: OriginProjection<TPose>; debug?: DebugSink },
src/interactions/gestures/shared/strategies/grid.ts,gridSnapStrategy,function,"(spacing: UnitValue, arg?: UnitSystem \",{ unitSystem?: UnitSystem; origin?: OriginProjection<TPose>; debug?: DebugSink }) => SnapStrategy<TPose>
src/interactions/gestures/shared/strategies/grid.ts,gridSnapStrategy.spacing,param,spacing: UnitValue,
src/interactions/gestures/shared/strategies/grid.ts,gridSnapStrategy.arg,param,arg?: UnitSystem \,{ unitSystem?: UnitSystem; origin?: OriginProjection<TPose>; debug?: DebugSink }
src/interactions/gestures/shared/strategies/grid.ts,pointToGridCell,function,"(point: { x: number; y: number }, spacing: UnitValue, unitSystem?: UnitSystem, origin: { x: number; y: number } = { x: 0, y: 0 }) => { col: number; row: number }","Compute the integer cell {col, row} that contains point, given a grid spacing and optional origin and unitSystem."
src/interactions/gestures/shared/strategies/grid.ts,pointToGridCell.point,param,point: { x: number; y: number },
src/interactions/gestures/shared/strategies/grid.ts,pointToGridCell.spacing,param,spacing: UnitValue,
src/interactions/gestures/shared/strategies/grid.ts,pointToGridCell.unitSystem,param,unitSystem?: UnitSystem,
src/interactions/gestures/shared/strategies/grid.ts,pointToGridCell.origin,param,"origin: { x: number; y: number } = { x: 0, y: 0 }",
src/interactions/gestures/shared/strategies/index.ts,gridSnapStrategy,reexport,re-export from './grid',
src/interactions/gestures/shared/strategies/index.ts,pointToGridCell,reexport,re-export from './grid',
src/interactions/gestures/shared/strategies/index.ts,RECT_ORIGIN_PROJECTION,reexport,re-export from './grid',
src/interactions/gestures/shared/strategies/index.ts,OriginProjection,reexport,re-export from './grid',
src/interactions/gestures/types.ts,ModifierState,interface,"{ alt, shift, meta, ctrl }",Snapshot of modifier-key state at gesture dispatch.
src/interactions/gestures/types.ts,ModifierState.alt,field,boolean,
src/interactions/gestures/types.ts,ModifierState.shift,field,boolean,
src/interactions/gestures/types.ts,ModifierState.meta,field,boolean,
src/interactions/gestures/types.ts,ModifierState.ctrl,field,boolean,
src/interactions/gestures/types.ts,PointerState,interface,"{ worldX, worldY, clientX, clientY }",Pointer position in both world and client coords.
src/interactions/gestures/types.ts,PointerState.worldX,field,number,
src/interactions/gestures/types.ts,PointerState.worldY,field,number,
src/interactions/gestures/types.ts,PointerState.clientX,field,number,
src/interactions/gestures/types.ts,PointerState.clientY,field,number,
src/interactions/gestures/types.ts,GestureContext,interface,"{ draggedIds, origin, current, snap, modifiers, pointer, adapter, scratch }",Per-gesture context passed to behaviors.
src/interactions/gestures/types.ts,GestureContext.draggedIds,field,string[],
src/interactions/gestures/types.ts,GestureContext.origin,field,"Map<string, TPose>",
src/interactions/gestures/types.ts,GestureContext.current,field,"Map<string, TPose>",
src/interactions/gestures/types.ts,GestureContext.snap,field,SnapTarget<TPose> \,null
src/interactions/gestures/types.ts,GestureContext.modifiers,field,ModifierState,
src/interactions/gestures/types.ts,GestureContext.pointer,field,PointerState,
src/interactions/gestures/types.ts,GestureContext.adapter,field,"MoveAdapter<TObject, TPose>",
src/interactions/gestures/types.ts,GestureContext.scratch,field,"Record<string, unknown>",Per-gesture mutable store.
src/interactions/gestures/types.ts,SnapStrategy,interface,{ snap },Pluggable per-gesture snap rule; receives the proposed pose and returns a snapped pose or null to skip.
src/interactions/gestures/types.ts,SnapStrategy.snap,field,TPose \,null
src/interactions/gestures/types.ts,GestureBehavior,interface,"{ defaultTransient, onStart, onMove, onEnd }",Generalized base behavior.
src/interactions/gestures/types.ts,GestureBehavior.defaultTransient?,field,boolean,
src/interactions/gestures/types.ts,GestureBehavior.onStart?,field,void,
src/interactions/gestures/types.ts,GestureBehavior.onMove?,field,TMoveResult \,void
src/interactions/gestures/types.ts,GestureBehavior.onEnd?,field,Op[] \,null \
src/interactions/gestures/types.ts,BehaviorMoveResult,interface,"{ pose, snap }",Per-frame result a MoveBehavior.onMove can return to override pose / snap target.
src/interactions/gestures/types.ts,BehaviorMoveResult.pose?,field,TPose,
src/interactions/gestures/types.ts,BehaviorMoveResult.snap?,field,SnapTarget<TPose> \,null
src/interactions/gestures/types.ts,MoveBehavior,type,"GestureBehavior<TPose, TPose, BehaviorMoveResult<TPose>>",A behavior plugged into useMove — shapes the proposed pose during a drag.
src/interactions/gestures/types.ts,MoveOverlay,interface,"{ draggedIds, poses, snapped, hideIds, hypotheticalChildPositions, sourceReflowPositions, destContainerId, accepted }",Live overlay state exposed by useMove for rendering ghosts and snap previews.
src/interactions/gestures/types.ts,MoveOverlay.draggedIds,field,string[],
src/interactions/gestures/types.ts,MoveOverlay.poses,field,"Map<string, TPose>",
src/interactions/gestures/types.ts,MoveOverlay.snapped,field,SnapTarget<TPose> \,null
src/interactions/gestures/types.ts,MoveOverlay.hideIds,field,string[],
src/interactions/gestures/types.ts,MoveOverlay.hypotheticalChildPositions,field,"Map<string, TPose>",Sibling poses in the destination container as a layout strategy proposes them during the live drag.
src/interactions/gestures/types.ts,MoveOverlay.sourceReflowPositions,field,"Map<string, TPose>",Sibling poses in the source container as the source's layout strategy proposes them when the dragged child has left it.
src/interactions/gestures/types.ts,MoveOverlay.destContainerId,field,string \,null
src/interactions/gestures/types.ts,MoveOverlay.accepted,field,boolean,"False when no layout-bearing container has accepted the pointer (pointer is over free space, or every candidate's snap returned null)."
src/interactions/gestures/types.ts,ResizeAnchor,type,{ x: 'min' \,'max' \
src/interactions/gestures/types.ts,ResizeAnchor.x,field,'min' \,'max' \
src/interactions/gestures/types.ts,ResizeAnchor.y,field,'min' \,'max' \
src/interactions/gestures/types.ts,ResizePose,interface,"{ x, y, width, height }",Minimum rect-shaped pose required by the resize machinery.
src/interactions/gestures/types.ts,ResizePose.x,field,number,
src/interactions/gestures/types.ts,ResizePose.y,field,number,
src/interactions/gestures/types.ts,ResizePose.width,field,number,
src/interactions/gestures/types.ts,ResizePose.height,field,number,
src/interactions/gestures/types.ts,ResizeProposed,interface,"{ pose, anchor }",Per-frame proposed resize: pose plus the anchor pinning the opposite corner.
src/interactions/gestures/types.ts,ResizeProposed.pose,field,TPose,
src/interactions/gestures/types.ts,ResizeProposed.anchor,field,ResizeAnchor,
src/interactions/gestures/types.ts,ResizeMoveResult,interface,{ pose },Per-frame result a ResizeBehavior.onMove can return to override the proposed pose.
src/interactions/gestures/types.ts,ResizeMoveResult.pose?,field,TPose,
src/interactions/gestures/types.ts,ResizeBehavior,type,"GestureBehavior< TPose, ResizeProposed<TPose>, ResizeMoveResult<TPose> >",A behavior plugged into useResize.
src/interactions/gestures/types.ts,ResizeOverlay,interface,"{ id, currentPose, targetPose, anchor, leafPoses }",Live overlay state exposed by useResize for rendering the in-flight resize ghost.
src/interactions/gestures/types.ts,ResizeOverlay.id,field,string,
src/interactions/gestures/types.ts,ResizeOverlay.currentPose,field,TPose,
src/interactions/gestures/types.ts,ResizeOverlay.targetPose,field,TPose,
src/interactions/gestures/types.ts,ResizeOverlay.anchor,field,ResizeAnchor,
src/interactions/gestures/types.ts,ResizeOverlay.leafPoses?,field,"Map<string, TPose>",Per-leaf scaled poses when the gesture is resizing a virtual group.
src/interactions/gestures/types.ts,RotatedPose,interface,{ rotation },ResizePose extended with a rotation angle (radians).
src/interactions/gestures/types.ts,RotatedPose.rotation,field,number,
src/interactions/gestures/types.ts,RotateProposed,interface,"{ pose, rotation }",Per-frame proposed rotation: pose plus the candidate angle in radians.
src/interactions/gestures/types.ts,RotateProposed.pose,field,TPose,
src/interactions/gestures/types.ts,RotateProposed.rotation,field,number,Proposed rotation angle (radians).
src/interactions/gestures/types.ts,RotateMoveResult,interface,{ pose },Per-frame result a RotateBehavior.onMove can return to override the proposed pose.
src/interactions/gestures/types.ts,RotateMoveResult.pose?,field,TPose,
src/interactions/gestures/types.ts,RotateBehavior,type,"GestureBehavior< TPose, RotateProposed<TPose>, RotateMoveResult<TPose> >",A behavior plugged into useRotate.
src/interactions/gestures/types.ts,RotateOverlay,interface,"{ id, currentPose, targetPose, originPose }",Live overlay state exposed by useRotate for rendering the in-flight rotation ghost.
src/interactions/gestures/types.ts,RotateOverlay.id,field,string,
src/interactions/gestures/types.ts,RotateOverlay.currentPose,field,TPose,
src/interactions/gestures/types.ts,RotateOverlay.targetPose,field,TPose,
src/interactions/gestures/types.ts,RotateOverlay.originPose,field,TPose,Origin pose at gesture start.
src/interactions/gestures/types.ts,InsertPoint,interface,"{ x, y }",A single world-space point.
src/interactions/gestures/types.ts,InsertPoint.x,field,number,
src/interactions/gestures/types.ts,InsertPoint.y,field,number,
src/interactions/gestures/types.ts,InsertProposed,interface,"{ start, current, bounds, pose }",Per-frame proposed insert: the two world points plus their derived bounds and pose.
src/interactions/gestures/types.ts,InsertProposed.start,field,InsertPoint,
src/interactions/gestures/types.ts,InsertProposed.current,field,InsertPoint,
src/interactions/gestures/types.ts,InsertProposed.bounds,field,ResizePose,
src/interactions/gestures/types.ts,InsertProposed.pose,field,TPose,
src/interactions/gestures/types.ts,InsertMoveResult,interface,"{ start, current }",Per-frame result an InsertBehavior.onMove can return to override the start/current points.
src/interactions/gestures/types.ts,InsertMoveResult.start?,field,InsertPoint,Override the start point (e.g.
src/interactions/gestures/types.ts,InsertMoveResult.current?,field,InsertPoint,Override the current point (e.g.
src/interactions/gestures/types.ts,InsertBehavior,type,"GestureBehavior< TPose, InsertProposed<TPose>, InsertMoveResult >",Behaviors operate over the two world points; bounds and pose are derived by the hook from the (possibly modified) points each frame.
src/interactions/gestures/types.ts,InsertOverlay,interface,"{ start, current, bounds, pose }",Live overlay state exposed by useInsert for rendering the in-flight insert preview.
src/interactions/gestures/types.ts,InsertOverlay.start,field,InsertPoint,
src/interactions/gestures/types.ts,InsertOverlay.current,field,InsertPoint,
src/interactions/gestures/types.ts,InsertOverlay.bounds,field,ResizePose,Axis-aligned bounding rect derived from start/current.
src/interactions/gestures/types.ts,InsertOverlay.pose,field,TPose,TPose constructed from bounds via the hook's posefromBounds.
src/interactions/gestures/types.ts,AreaSelectPose,interface,"{ worldX, worldY, shiftHeld }","Pose carried through area-select gestures: the world point under the cursor at gesture start, plus the shift-key state at start."
src/interactions/gestures/types.ts,AreaSelectPose.worldX,field,number,
src/interactions/gestures/types.ts,AreaSelectPose.worldY,field,number,
src/interactions/gestures/types.ts,AreaSelectPose.shiftHeld,field,boolean,
src/interactions/gestures/types.ts,AreaSelectProposed,interface,"{ start, current, shiftHeld }","Per-frame proposed area-select state: start point, current point, and shift policy."
src/interactions/gestures/types.ts,AreaSelectProposed.start,field,{ worldX: number; worldY: number },
src/interactions/gestures/types.ts,AreaSelectProposed.current,field,{ worldX: number; worldY: number },
src/interactions/gestures/types.ts,AreaSelectProposed.shiftHeld,field,boolean,
src/interactions/gestures/types.ts,AreaSelectMoveResult,type,void,onMove for area-select doesn't shape ops; behaviors only need to react in onEnd.
src/interactions/gestures/types.ts,AreaSelectBehavior,type,"GestureBehavior< AreaSelectPose, AreaSelectProposed, AreaSelectMoveResult >",A behavior plugged into useAreaSelect.
src/interactions/gestures/types.ts,AreaSelectOverlay,interface,"{ start, current, shiftHeld }",Live overlay state exposed by useAreaSelect for rendering the marquee.
src/interactions/gestures/types.ts,AreaSelectOverlay.start,field,{ worldX: number; worldY: number },
src/interactions/gestures/types.ts,AreaSelectOverlay.current,field,{ worldX: number; worldY: number },
src/interactions/gestures/types.ts,AreaSelectOverlay.shiftHeld,field,boolean,
src/interactions/gestures/types.ts,ClonePose,interface,"{ ids, offset, worldX, worldY }",Pose carried through clone gestures: ids being cloned plus the pointer/offset state.
src/interactions/gestures/types.ts,ClonePose.ids,field,string[],
src/interactions/gestures/types.ts,ClonePose.offset,field,{ dx: number; dy: number },
src/interactions/gestures/types.ts,ClonePose.worldX,field,number,
src/interactions/gestures/types.ts,ClonePose.worldY,field,number,
src/interactions/gestures/types.ts,CloneLayer,type,'structures' \,'zones' \
src/interactions/gestures/types.ts,CloneBehavior,interface,"{ id, defaultTransient, activates, onEnd }",A behavior plugged into useClone; gates on modifier state and emits ops at gesture end.
src/interactions/gestures/types.ts,CloneBehavior.id,field,string,
src/interactions/gestures/types.ts,CloneBehavior.defaultTransient?,field,boolean,Default true.
src/interactions/gestures/types.ts,CloneBehavior.activates,field,(modifiers: ModifierState) => boolean,Decides whether this gesture should activate at start.
src/interactions/gestures/types.ts,CloneBehavior.onEnd,field,"( pose: ClonePose, ctx: { adapter: InsertAdapter<{ id: string }> }, ) => Op[]","On end, returns ops to commit (or [] for no-op)."
src/interactions/hit/nestedGroupHit.ts,NestedGroupHitOpts,interface,"{ composePose, poseBounds, isGroup }",
src/interactions/hit/nestedGroupHit.ts,NestedGroupHitOpts.composePose,field,"(parent: TPose, child: TPose) => TPose",Compose a child's local pose into world coords given its parent's world pose.
src/interactions/hit/nestedGroupHit.ts,NestedGroupHitOpts.poseBounds?,field,(pose: TPose) => RectBounds,Derive an axis-aligned bounding rect from a (world-space) pose.
src/interactions/hit/nestedGroupHit.ts,NestedGroupHitOpts.isGroup?,field,"(id: string, obj: TObject \",undefined) => boolean
src/interactions/hit/nestedGroupHit.ts,NestedGroupHitTester,interface,"{ pickOutermost, pickBest }",
src/interactions/hit/nestedGroupHit.ts,NestedGroupHitTester.pickOutermost,field,"(worldX: number, worldY: number) => string \",null
src/interactions/hit/nestedGroupHit.ts,NestedGroupHitTester.pickBest,field,"( worldX: number, worldY: number, alt: boolean, selection: readonly string[], ) => string \",null
src/interactions/hit/nestedGroupHit.ts,nestedGroupHitTester,function,"(adapter: HitAdapter<TObject, TPose>, opts: NestedGroupHitOpts<TObject, TPose>) => NestedGroupHitTester",
src/interactions/hit/nestedGroupHit.ts,nestedGroupHitTester.adapter,param,"adapter: HitAdapter<TObject, TPose>",
src/interactions/hit/nestedGroupHit.ts,nestedGroupHitTester.opts,param,"opts: NestedGroupHitOpts<TObject, TPose>",
src/interactions/usePointerGestures.ts,PointerGestureBindings,interface,"{ onPointerDown, onPointerMove, onPointerUp, onPointerCancel, onLostPointerCapture }",Pointer event handlers ready to spread onto a <canvas>.
src/interactions/usePointerGestures.ts,PointerGestureBindings.onPointerDown,field,(e: React.PointerEvent<HTMLCanvasElement>) => void,
src/interactions/usePointerGestures.ts,PointerGestureBindings.onPointerMove,field,(e: React.PointerEvent<HTMLCanvasElement>) => void,
src/interactions/usePointerGestures.ts,PointerGestureBindings.onPointerUp,field,(e: React.PointerEvent<HTMLCanvasElement>) => void,
src/interactions/usePointerGestures.ts,PointerGestureBindings.onPointerCancel,field,(e: React.PointerEvent<HTMLCanvasElement>) => void,
src/interactions/usePointerGestures.ts,PointerGestureBindings.onLostPointerCapture,field,(e: React.PointerEvent<HTMLCanvasElement>) => void,
src/interactions/usePointerGestures.ts,PointerGestureCallbackCtx,interface,"{ event, worldX, worldY, modifiers }",Context object passed to body-hit / tap-empty callbacks.
src/interactions/usePointerGestures.ts,PointerGestureCallbackCtx.event,field,React.PointerEvent<HTMLCanvasElement>,
src/interactions/usePointerGestures.ts,PointerGestureCallbackCtx.worldX,field,number,
src/interactions/usePointerGestures.ts,PointerGestureCallbackCtx.worldY,field,number,
src/interactions/usePointerGestures.ts,PointerGestureCallbackCtx.modifiers,field,ModifierState,
src/interactions/usePointerGestures.ts,UsePointerGesturesOptions,interface,"{ clientToWorld, move, resize, rotate, insert, areaSelect, tool, rotateTarget, rotationHandleDistance, resizeTarget, ... }",Options for usePointerGestures — wires move/resize/rotate/insert/area-select controllers into a single canvas.
src/interactions/usePointerGestures.ts,UsePointerGesturesOptions.clientToWorld?,field,"( canvas: HTMLCanvasElement, clientX: number, clientY: number, ) => [number, number]",clientX/Y → world coords.
src/interactions/usePointerGestures.ts,UsePointerGesturesOptions.move?,field,"MoveController<{ id: string }, TMovePose>",Live move interaction.
src/interactions/usePointerGestures.ts,UsePointerGesturesOptions.resize?,field,"ResizeController<{ id: string }, TResizePose>",Live resize interaction.
src/interactions/usePointerGestures.ts,UsePointerGesturesOptions.rotate?,field,"RotateController<{ id: string }, TResizePose>",Live rotation interaction.
src/interactions/usePointerGestures.ts,UsePointerGesturesOptions.insert?,field,"InsertController<{ id: string }, unknown>",Live insert interaction.
src/interactions/usePointerGestures.ts,UsePointerGesturesOptions.areaSelect?,field,AreaSelectController,Live area-select interaction.
src/interactions/usePointerGestures.ts,UsePointerGesturesOptions.tool?,field,'select' \,'insert' \
src/interactions/usePointerGestures.ts,UsePointerGesturesOptions.rotateTarget?,field,() => { id: string; bounds: Bounds; rotation?: number } \,null
src/interactions/usePointerGestures.ts,UsePointerGesturesOptions.rotationHandleDistance?,field,number,World-pixel distance from the top edge to the rotation handle.
src/interactions/usePointerGestures.ts,UsePointerGesturesOptions.resizeTarget?,field,() => { id: string; bounds: Bounds } \,null
src/interactions/usePointerGestures.ts,UsePointerGesturesOptions.handleHitRadius?,field,number,"Hit-test radius for resize/rotation handles, in **screen** pixels."
src/interactions/usePointerGestures.ts,UsePointerGesturesOptions.getView?,field,() => View,Returns the current view.
src/interactions/usePointerGestures.ts,UsePointerGesturesOptions.pickEvery?,field,"(worldX: number, worldY: number) => string \",string[] \
src/interactions/usePointerGestures.ts,UsePointerGesturesOptions.selection?,field,SelectionApi,Selection api (see {@link SelectionApi}).
src/interactions/usePointerGestures.ts,UsePointerGesturesOptions.boundsOf?,field,(id: string) => Bounds \,null
src/interactions/usePointerGestures.ts,UsePointerGesturesOptions.onBodyHit?,field,"(ids: string[], ctx: PointerGestureCallbackCtx) => void",Called whenever a body hit occurs.
src/interactions/usePointerGestures.ts,UsePointerGesturesOptions.onTapEmpty?,field,(ctx: PointerGestureCallbackCtx) => void,Called when the pointer hits neither a handle nor a body.
src/interactions/usePointerGestures.ts,UsePointerGesturesOptions.debug?,field,DebugSink,Optional debug sink for the overlay subsystem.
src/interactions/usePointerGestures.ts,usePointerGestures,hook,"(options: UsePointerGesturesOptions<TMovePose, TResizePose>) => PointerGestureBindings",Pointer-event dispatcher that wires useMove + useResize to a canvas.
src/interactions/usePointerGestures.ts,usePointerGestures.options,param,"options: UsePointerGesturesOptions<TMovePose, TResizePose>",
src/layout/index.ts,* from './types',reexport-all,*,
src/layout/index.ts,* from './snaps',reexport-all,*,
src/layout/index.ts,* from './strategies',reexport-all,*,
src/layout/snaps.ts,none,function,() => LayoutSnap<TPose>,
src/layout/snaps.ts,nearest,function,() => LayoutSnap<TPose>,
src/layout/snaps.ts,nearestWithin,function,(opts: { tolerance: number }) => LayoutSnap<TPose>,
src/layout/snaps.ts,nearestWithin.opts,param,opts: { tolerance: number },
src/layout/snaps.ts,containedThenNearest,function,() => LayoutSnap<TPose>,Region-aware snap.
src/layout/snaps.ts,cellAt,function,() => LayoutSnap<TPose>,Backwards-compatible cell snap.
src/layout/strategies/freeform.ts,FreeformOptions,interface,{ snap },
src/layout/strategies/freeform.ts,FreeformOptions.snap?,field,LayoutSnap<TPose>,
src/layout/strategies/freeform.ts,freeform,function,(opts: FreeformOptions<TPose> = {}) => LayoutStrategy<TPose>,"Identity layout: each child stays where it's stored, no reflow, no drop targets."
src/layout/strategies/freeform.ts,freeform.opts,param,opts: FreeformOptions<TPose> = {},
src/layout/strategies/index.ts,freeform,reexport,re-export from './freeform',
src/layout/strategies/index.ts,FreeformOptions,reexport,re-export from './freeform',
src/layout/strategies/index.ts,tileGrid,reexport,re-export from './tileGrid',
src/layout/strategies/index.ts,TileGridOptions,reexport,re-export from './tileGrid',
src/layout/strategies/index.ts,snapPoint,reexport,re-export from './snapPoint',
src/layout/strategies/index.ts,SnapPointOptions,reexport,re-export from './snapPoint',
src/layout/strategies/snapPoint.ts,SnapPointOptions,interface,"{ pattern, gridSpacing, tolerance, snap }",
src/layout/strategies/snapPoint.ts,SnapPointOptions.pattern,field,SnapPattern,
src/layout/strategies/snapPoint.ts,SnapPointOptions.gridSpacing?,field,number,"Spacing for the 'grid' pattern, in world units."
src/layout/strategies/snapPoint.ts,SnapPointOptions.tolerance?,field,number,Tolerance for the default snap policy (nearestWithin).
src/layout/strategies/snapPoint.ts,SnapPointOptions.snap?,field,LayoutSnap<TPose>,
src/layout/strategies/snapPoint.ts,snapPoint,function,(opts: SnapPointOptions<TPose>) => LayoutStrategy<TPose>,
src/layout/strategies/snapPoint.ts,snapPoint.opts,param,opts: SnapPointOptions<TPose>,
src/layout/strategies/tileGrid.ts,TileGridOptions,interface,"{ cols, rows, gap, snap, cellToPose }",
src/layout/strategies/tileGrid.ts,TileGridOptions.cols,field,number,
src/layout/strategies/tileGrid.ts,TileGridOptions.rows,field,number,
src/layout/strategies/tileGrid.ts,TileGridOptions.gap?,field,number,"Gap between cells, in world units."
src/layout/strategies/tileGrid.ts,TileGridOptions.snap?,field,LayoutSnap<TPose>,
src/layout/strategies/tileGrid.ts,TileGridOptions.cellToPose?,field,TPose,Optional: map a cell rect + the dragged pose to the new pose.
src/layout/strategies/tileGrid.ts,tileGrid,function,(opts: TileGridOptions<TPose>) => LayoutStrategy<TPose>,
src/layout/strategies/tileGrid.ts,tileGrid.opts,param,opts: TileGridOptions<TPose>,
src/layout/types.ts,ContainerBounds,type,{ x: number; y: number; width: number; height: number; },
src/layout/types.ts,ContainerBounds.x,field,number,
src/layout/types.ts,ContainerBounds.y,field,number,
src/layout/types.ts,ContainerBounds.width,field,number,
src/layout/types.ts,ContainerBounds.height,field,number,
src/layout/types.ts,LayoutChild,interface,"{ id, pose }",
src/layout/types.ts,LayoutChild.id,field,string,
src/layout/types.ts,LayoutChild.pose,field,TPose,
src/layout/types.ts,DropTarget,interface,"{ pose, origin, hitBounds, meta }",
src/layout/types.ts,DropTarget.pose,field,TPose,Where the dragged child lands if this target is picked.
src/layout/types.ts,DropTarget.origin,field,{ x: number; y: number },Reference point for distance metrics (snap algorithms).
src/layout/types.ts,DropTarget.hitBounds?,field,{ x: number; y: number; width: number; height: number },Optional axis-aligned region (world units) used by region-aware snaps (e.g.
src/layout/types.ts,DropTarget.meta?,field,unknown,Strategy-private metadata (e.g.
src/layout/types.ts,LayoutSnap,interface,{ pickTarget },
src/layout/types.ts,LayoutSnap.pickTarget,field,DropTarget<TPose> \,null
src/layout/types.ts,LayoutContainer,interface,"{ id, bounds }",
src/layout/types.ts,LayoutContainer.id,field,string,
src/layout/types.ts,LayoutContainer.bounds,field,ContainerBounds,
src/layout/types.ts,LayoutDragged,interface,"{ id, originPose, pose, sourceContainerId }",
src/layout/types.ts,LayoutDragged.id,field,string,
src/layout/types.ts,LayoutDragged.originPose,field,TPose,The pose the dragged child currently has (pre-drop).
src/layout/types.ts,LayoutDragged.pose,field,TPose,"The pose the gesture proposes (pointer-driven, pre-snap)."
src/layout/types.ts,LayoutDragged.sourceContainerId,field,string \,null
src/layout/types.ts,LayoutStrategy,interface,"{ getChildPositions, getDropTargets, reflowFor, commitDrop, snap, contains }",
src/layout/types.ts,LayoutStrategy.getChildPositions,field,"Map<string, TPose>",
src/layout/types.ts,LayoutStrategy.getDropTargets,field,DropTarget<TPose>[],
src/layout/types.ts,LayoutStrategy.reflowFor,field,"Map<string, TPose>",
src/layout/types.ts,LayoutStrategy.commitDrop,field,Op[],
src/layout/types.ts,LayoutStrategy.snap,field,LayoutSnap<TPose>,
src/layout/types.ts,LayoutStrategy.contains?,field,boolean,Optional: predicate for whether a world-space point is inside this container.
src/subpaths/clipboard.ts,* from '../interactions/actions/clipboard',reexport-all,*,
src/subpaths/clone.ts,* from '../interactions/gestures/clone',reexport-all,*,
src/subpaths/insert.ts,* from '../interactions/gestures/insert',reexport-all,*,
src/subpaths/move.ts,* from '../interactions/gestures/move',reexport-all,*,
src/subpaths/patterns-builtin.ts,* from '../features/patterns/patterns-builtin',reexport-all,*,
src/subpaths/resize.ts,* from '../interactions/gestures/resize',reexport-all,*,
src/tools/builtin/hitExistingGate.ts,applyHitExistingGate,function,"(ctx: ToolCtx<unknown>, hitExisting: \",((p: { x: number; y: number }) => string \
src/tools/builtin/hitExistingGate.ts,applyHitExistingGate.ctx,param,ctx: ToolCtx<unknown>,
src/tools/builtin/hitExistingGate.ts,applyHitExistingGate.hitExisting,param,hitExisting: \,((p: { x: number; y: number }) => string \
src/tools/builtin/index.ts,useDeleteTool,reexport,re-export from './useDeleteTool',
src/tools/builtin/index.ts,UseDeleteToolOptions,reexport,re-export from './useDeleteTool',
src/tools/builtin/index.ts,useNudgeTool,reexport,re-export from './useNudgeTool',
src/tools/builtin/index.ts,UseNudgeToolOptions,reexport,re-export from './useNudgeTool',
src/tools/builtin/index.ts,useUndoRedoTool,reexport,re-export from './useUndoRedoTool',
src/tools/builtin/index.ts,UseUndoRedoToolOptions,reexport,re-export from './useUndoRedoTool',
src/tools/builtin/index.ts,useDuplicateTool,reexport,re-export from './useDuplicateTool',
src/tools/builtin/index.ts,UseDuplicateToolOptions,reexport,re-export from './useDuplicateTool',
src/tools/builtin/index.ts,useInsertTool,reexport,re-export from './useInsertTool',
src/tools/builtin/index.ts,UseInsertToolOptions,reexport,re-export from './useInsertTool',
src/tools/builtin/index.ts,useSelectTool,reexport,re-export from './useSelectTool',
src/tools/builtin/index.ts,UseSelectToolOptions,reexport,re-export from './useSelectTool',
src/tools/builtin/index.ts,AreaSelectOverlayStyle,reexport,re-export from './useSelectTool',
src/tools/builtin/index.ts,MoveOverlayStyle,reexport,re-export from './useSelectTool',
src/tools/builtin/index.ts,ResizeOverlayStyle,reexport,re-export from './useSelectTool',
src/tools/builtin/index.ts,RotateOverlayStyle,reexport,re-export from './useSelectTool',
src/tools/builtin/index.ts,pickTopMostHit,reexport,re-export from './pickTopMostHit',
src/tools/builtin/index.ts,PickTopMostHitAdapter,reexport,re-export from './pickTopMostHit',
src/tools/builtin/index.ts,applyHitExistingGate,reexport,re-export from './hitExistingGate',
src/tools/builtin/index.ts,useHandTool,reexport,re-export from './useHandTool',
src/tools/builtin/index.ts,useTextTool,reexport,re-export from './useTextTool',
src/tools/builtin/index.ts,UseTextToolOptions,reexport,re-export from './useTextTool',
src/tools/builtin/index.ts,useWheelZoomTool,reexport,re-export from './useWheelZoomTool',
src/tools/builtin/index.ts,WheelZoomToolOpts,reexport,re-export from './useWheelZoomTool',
src/tools/builtin/index.ts,useWheelPanTool,reexport,re-export from './useWheelPanTool',
src/tools/builtin/index.ts,useKeyboardZoomTool,reexport,re-export from './useKeyboardZoomTool',
src/tools/builtin/index.ts,KeyboardZoomToolOpts,reexport,re-export from './useKeyboardZoomTool',
src/tools/builtin/index.ts,useUserPenTool,reexport,re-export from './useUserPenTool',
src/tools/builtin/index.ts,UseUserPenToolOptions,reexport,re-export from './useUserPenTool',
src/tools/builtin/index.ts,PenScratch,reexport,re-export from './useUserPenTool',
src/tools/builtin/index.ts,PenAnchor,reexport,re-export from './useUserPenTool',
src/tools/builtin/index.ts,PenSubpath,reexport,re-export from './useUserPenTool',
src/tools/builtin/index.ts,useEditAnchorsTool,reexport,re-export from './useEditAnchorsTool',
src/tools/builtin/index.ts,UseEditAnchorsToolOptions,reexport,re-export from './useEditAnchorsTool',
src/tools/builtin/index.ts,EditAnchorsScratch,reexport,re-export from './useEditAnchorsTool',
src/tools/builtin/index.ts,useSelectWithAnchorEdit,reexport,re-export from './useSelectWithAnchorEdit',
src/tools/builtin/index.ts,UseSelectWithAnchorEditOptions,reexport,re-export from './useSelectWithAnchorEdit',
src/tools/builtin/index.ts,UseSelectWithAnchorEditReturn,reexport,re-export from './useSelectWithAnchorEdit',
src/tools/builtin/index.ts,SelectWithAnchorEditAdapter,reexport,re-export from './useSelectWithAnchorEdit',
src/tools/builtin/index.ts,SelectWithAnchorEditAnchorsOptions,reexport,re-export from './useSelectWithAnchorEdit',
src/tools/builtin/index.ts,useCloneTool,reexport,re-export from './useCloneTool',
src/tools/builtin/index.ts,UseCloneToolOptions,reexport,re-export from './useCloneTool',
src/tools/builtin/index.ts,CloneScratch,reexport,re-export from './useCloneTool',
src/tools/builtin/index.ts,CloneOverlayItem,reexport,re-export from './useCloneTool',
src/tools/builtin/marquee.ts,InsertOverlayStyle,interface,"{ fill, stroke, dash, lineWidth }",
src/tools/builtin/marquee.ts,InsertOverlayStyle.fill?,field,string,
src/tools/builtin/marquee.ts,InsertOverlayStyle.stroke?,field,string,
src/tools/builtin/marquee.ts,InsertOverlayStyle.dash?,field,number[],
src/tools/builtin/marquee.ts,InsertOverlayStyle.lineWidth?,field,number,
src/tools/builtin/marquee.ts,drawMarquee,function,"(ctx: CanvasRenderingContext2D, view: View, bounds: { x: number; y: number; width: number; height: number }, style: InsertOverlayStyle \","undefined, defaults: MarqueeDefaults) => void"
src/tools/builtin/marquee.ts,drawMarquee.ctx,param,ctx: CanvasRenderingContext2D,
src/tools/builtin/marquee.ts,drawMarquee.view,param,view: View,
src/tools/builtin/marquee.ts,drawMarquee.bounds,param,bounds: { x: number; y: number; width: number; height: number },
src/tools/builtin/marquee.ts,drawMarquee.style,param,style: InsertOverlayStyle \,undefined
src/tools/builtin/marquee.ts,drawMarquee.defaults,param,defaults: MarqueeDefaults,
src/tools/builtin/pickTopMostHit.ts,PickTopMostHitAdapter,interface,{ getParent },"Pick the topmost id from a body-hit list, using whatever signal the adapter exposes."
src/tools/builtin/pickTopMostHit.ts,PickTopMostHitAdapter.getParent?,field,(id: string) => string \,null
src/tools/builtin/pickTopMostHit.ts,pickTopMostHit,function,"(ids: readonly string[], adapter: PickTopMostHitAdapter \",undefined \
src/tools/builtin/pickTopMostHit.ts,pickTopMostHit.ids,param,ids: readonly string[],
src/tools/builtin/pickTopMostHit.ts,pickTopMostHit.adapter,param,adapter: PickTopMostHitAdapter \,undefined \
src/tools/builtin/testUtils.ts,makeCtx,function,(over: Partial<ToolCtx<S>> = {}) => ToolCtx<S>,Build a minimal ToolCtx for tool-hook unit tests.
src/tools/builtin/testUtils.ts,makeCtx.over,param,over: Partial<ToolCtx<S>> = {},
src/tools/builtin/testUtils.ts,pe,function,(type = 'pointerdown') => PointerEvent,A synthetic PointerEvent stand-in for handler signatures that don't inspect the event.
src/tools/builtin/testUtils.ts,pe.type,param,type = 'pointerdown',
src/tools/builtin/useCloneTool.ts,CloneOverlayItem,interface,"{ id, x, y }","Live preview item published by useClone — {id, x, y} (snapshot pose translated by the in-flight drag offset)."
src/tools/builtin/useCloneTool.ts,CloneOverlayItem.id,field,string,
src/tools/builtin/useCloneTool.ts,CloneOverlayItem.x,field,number,
src/tools/builtin/useCloneTool.ts,CloneOverlayItem.y,field,number,
src/tools/builtin/useCloneTool.ts,CloneScratch,interface,"{ pendingId, pendingMods }",
src/tools/builtin/useCloneTool.ts,CloneScratch.pendingId,field,string \,null
src/tools/builtin/useCloneTool.ts,CloneScratch.pendingMods,field,ModifierState \,null
src/tools/builtin/useCloneTool.ts,UseCloneToolOptions,interface,"{ behaviors, pickBest, drawGhost, drawOne, layer, expandIds, id, cursor }",
src/tools/builtin/useCloneTool.ts,UseCloneToolOptions.behaviors,field,CloneBehavior[],Clone behaviors (e.g.
src/tools/builtin/useCloneTool.ts,UseCloneToolOptions.pickBest?,field,"(worldX: number, worldY: number) => string \",null
src/tools/builtin/useCloneTool.ts,UseCloneToolOptions.drawGhost?,field,"(cx: CanvasRenderingContext2D, items: CloneOverlayItem[], view: View) => void",Render the in-flight clone ghost.
src/tools/builtin/useCloneTool.ts,UseCloneToolOptions.drawOne?,field,"(cx: CanvasRenderingContext2D, obj: T, pose: TPose, view: View) => void",Scene drawOne (the same render fn passed to <Canvas layers={{ scene: { drawOne } }}>).
src/tools/builtin/useCloneTool.ts,UseCloneToolOptions.layer?,field,CloneLayer,CloneLayer category passed to clone.start.
src/tools/builtin/useCloneTool.ts,UseCloneToolOptions.expandIds?,field,UseCloneOptions['expandIds'],Optional id-list expansion (e.g.
src/tools/builtin/useCloneTool.ts,UseCloneToolOptions.id?,field,string,Tool id.
src/tools/builtin/useCloneTool.ts,UseCloneToolOptions.cursor?,field,string,Cursor while the activating modifier is held.
src/tools/builtin/useCloneTool.ts,useCloneTool,hook,"(adapter: InsertAdapter<T>, options: UseCloneToolOptions<T, TPose>) => Tool<CloneScratch>",Wraps useClone as a Tool record.
src/tools/builtin/useCloneTool.ts,useCloneTool.adapter,param,adapter: InsertAdapter<T>,
src/tools/builtin/useCloneTool.ts,useCloneTool.options,param,"options: UseCloneToolOptions<T, TPose>",
src/tools/builtin/useDeleteTool.ts,UseDeleteToolOptions,interface,{  },
src/tools/builtin/useDeleteTool.ts,useDeleteTool,hook,"(adapter: DeleteAdapter, options: UseDeleteToolOptions = {}) => Tool<undefined>",Always-on Tool wrapping useDelete.
src/tools/builtin/useDeleteTool.ts,useDeleteTool.adapter,param,adapter: DeleteAdapter,
src/tools/builtin/useDeleteTool.ts,useDeleteTool.options,param,options: UseDeleteToolOptions = {},
src/tools/builtin/useDuplicateTool.ts,UseDuplicateToolOptions,interface,{  },
src/tools/builtin/useDuplicateTool.ts,useDuplicateTool,hook,"(adapter: DuplicateAdapter<TPose>, options: UseDuplicateToolOptions = {}) => Tool<undefined>",Always-on Tool wrapping useDuplicate.
src/tools/builtin/useDuplicateTool.ts,useDuplicateTool.adapter,param,adapter: DuplicateAdapter<TPose>,
src/tools/builtin/useDuplicateTool.ts,useDuplicateTool.options,param,options: UseDuplicateToolOptions = {},
src/tools/builtin/useEditAnchorsTool.ts,EditAnchorsScratch,interface,{ pendingStart },
src/tools/builtin/useEditAnchorsTool.ts,EditAnchorsScratch.pendingStart,field,EditAnchorsStartArgs \,null
src/tools/builtin/useEditAnchorsTool.ts,UseEditAnchorsToolOptions,interface,"{ id, keybinding, cursor, overlayStyle, onExit }",
src/tools/builtin/useEditAnchorsTool.ts,UseEditAnchorsToolOptions.id?,field,string,Tool id.
src/tools/builtin/useEditAnchorsTool.ts,UseEditAnchorsToolOptions.keybinding?,field,string,Keybinding.
src/tools/builtin/useEditAnchorsTool.ts,UseEditAnchorsToolOptions.cursor?,field,string,Cursor.
src/tools/builtin/useEditAnchorsTool.ts,UseEditAnchorsToolOptions.overlayStyle?,field,"Partial<Omit<AnchorEditOverlayOpts, 'getOverlay'>>",Visual style overrides for the anchor-edit overlay.
src/tools/builtin/useEditAnchorsTool.ts,UseEditAnchorsToolOptions.onExit?,field,() => void,Optional callback for Escape — consumers typically clear their editingId state to exit edit mode entirely.
src/tools/builtin/useEditAnchorsTool.ts,useEditAnchorsTool,hook,"(controller: EditAnchorsController<TObject>, options: UseEditAnchorsToolOptions = {}) => Tool<EditAnchorsScratch>",Wraps useEditAnchors as a Tool record so anchor-editing becomes an active-slot tool.
src/tools/builtin/useEditAnchorsTool.ts,useEditAnchorsTool.controller,param,controller: EditAnchorsController<TObject>,
src/tools/builtin/useEditAnchorsTool.ts,useEditAnchorsTool.options,param,options: UseEditAnchorsToolOptions = {},
src/tools/builtin/useHandTool.ts,useHandTool,hook,() => Tool<HandScratch \,null>
src/tools/builtin/useInsertTool.ts,InsertOverlayStyle,reexport,re-export of InsertOverlayStyle,
src/tools/builtin/useInsertTool.ts,UseInsertToolOptions,interface,"{ overlayStyle, hitExisting }",
src/tools/builtin/useInsertTool.ts,UseInsertToolOptions.overlayStyle?,field,InsertOverlayStyle,
src/tools/builtin/useInsertTool.ts,UseInsertToolOptions.hitExisting?,field,(point: { x: number; y: number }) => string \,string[] \
src/tools/builtin/useInsertTool.ts,useInsertTool,hook,"(adapter: InsertAdapter<TObject>, options: UseInsertToolOptions<TPose, TObject> = {}) => Tool<undefined>",Active-slot Tool wrapping useInsert.
src/tools/builtin/useInsertTool.ts,useInsertTool.adapter,param,adapter: InsertAdapter<TObject>,
src/tools/builtin/useInsertTool.ts,useInsertTool.options,param,"options: UseInsertToolOptions<TPose, TObject> = {}",
src/tools/builtin/useKeyboardZoomTool.ts,KeyboardZoomToolOpts,interface,"{ min, max, keyStep }",
src/tools/builtin/useKeyboardZoomTool.ts,KeyboardZoomToolOpts.min?,field,number,
src/tools/builtin/useKeyboardZoomTool.ts,KeyboardZoomToolOpts.max?,field,number,
src/tools/builtin/useKeyboardZoomTool.ts,KeyboardZoomToolOpts.keyStep?,field,number,Multiplicative step per Cmd+= / Cmd+- press.
src/tools/builtin/useKeyboardZoomTool.ts,useKeyboardZoomTool,hook,(opts: KeyboardZoomToolOpts = {}) => Tool<null>,"Always-on tool: claims Cmd+= (zoom in), Cmd+- (zoom out), Cmd+0 (reset)."
src/tools/builtin/useKeyboardZoomTool.ts,useKeyboardZoomTool.opts,param,opts: KeyboardZoomToolOpts = {},
src/tools/builtin/useNudgeTool.ts,UseNudgeToolOptions,interface,{  },
src/tools/builtin/useNudgeTool.ts,useNudgeTool,hook,"(adapter: NudgeAdapter<TPose>, options: UseNudgeToolOptions<TPose> = {}) => Tool<undefined>",Always-on Tool wrapping useNudge.
src/tools/builtin/useNudgeTool.ts,useNudgeTool.adapter,param,adapter: NudgeAdapter<TPose>,
src/tools/builtin/useNudgeTool.ts,useNudgeTool.options,param,options: UseNudgeToolOptions<TPose> = {},
src/tools/builtin/useSelectTool.ts,Bounds,interface,"{ x, y, width, height }",World-space bounding rect for hit-testing handles.
src/tools/builtin/useSelectTool.ts,Bounds.x,field,number,
src/tools/builtin/useSelectTool.ts,Bounds.y,field,number,
src/tools/builtin/useSelectTool.ts,Bounds.width,field,number,
src/tools/builtin/useSelectTool.ts,Bounds.height,field,number,
src/tools/builtin/useSelectTool.ts,AreaSelectOverlayStyle,interface,"{ fill, stroke, dash, lineWidth }",
src/tools/builtin/useSelectTool.ts,AreaSelectOverlayStyle.fill?,field,string,
src/tools/builtin/useSelectTool.ts,AreaSelectOverlayStyle.stroke?,field,string,
src/tools/builtin/useSelectTool.ts,AreaSelectOverlayStyle.dash?,field,number[],
src/tools/builtin/useSelectTool.ts,AreaSelectOverlayStyle.lineWidth?,field,number,
src/tools/builtin/useSelectTool.ts,MoveOverlayStyle,interface,{ ghostAlpha },
src/tools/builtin/useSelectTool.ts,MoveOverlayStyle.ghostAlpha?,field,number,
src/tools/builtin/useSelectTool.ts,ResizeOverlayStyle,interface,{ ghostAlpha },
src/tools/builtin/useSelectTool.ts,ResizeOverlayStyle.ghostAlpha?,field,number,
src/tools/builtin/useSelectTool.ts,RotateOverlayStyle,interface,{ ghostAlpha },
src/tools/builtin/useSelectTool.ts,RotateOverlayStyle.ghostAlpha?,field,number,
src/tools/builtin/useSelectTool.ts,UseSelectToolOptions,interface,"{ pickEvery, pickBest, boundsOf, handleHitRadius, rotationHandleDistance, move, resize, rotate, areaSelect, debug, ... }",
src/tools/builtin/useSelectTool.ts,UseSelectToolOptions.pickEvery,field,"(worldX: number, worldY: number) => string[]","Return ids of all objects whose painted body covers (worldX, worldY)."
src/tools/builtin/useSelectTool.ts,UseSelectToolOptions.pickBest?,field,"( worldX: number, worldY: number, alt: boolean, selection: readonly string[], ) => string \",null
src/tools/builtin/useSelectTool.ts,UseSelectToolOptions.boundsOf,field,(id: string) => Bounds \,null
src/tools/builtin/useSelectTool.ts,UseSelectToolOptions.handleHitRadius?,field,number,Square hit-radius for corner resize handles.
src/tools/builtin/useSelectTool.ts,UseSelectToolOptions.rotationHandleDistance?,field,number,Distance from top edge of bounds to rotation handle center.
src/tools/builtin/useSelectTool.ts,UseSelectToolOptions.move?,field,UseMoveOptions<TPose>,
src/tools/builtin/useSelectTool.ts,UseSelectToolOptions.resize?,field,UseResizeOptions<TPose>,
src/tools/builtin/useSelectTool.ts,UseSelectToolOptions.rotate?,field,UseRotateOptions<TPose>,
src/tools/builtin/useSelectTool.ts,UseSelectToolOptions.areaSelect?,field,UseAreaSelectOptions,
src/tools/builtin/useSelectTool.ts,UseSelectToolOptions.debug?,field,DebugSink,Optional debug sink.
src/tools/builtin/useSelectTool.ts,UseSelectToolOptions.areaSelectOverlayStyle?,field,AreaSelectOverlayStyle,Style for the area-select marquee.
src/tools/builtin/useSelectTool.ts,UseSelectToolOptions.moveOverlayStyle?,field,MoveOverlayStyle,Style for the move ghost (currently just ghostAlpha).
src/tools/builtin/useSelectTool.ts,UseSelectToolOptions.resizeOverlayStyle?,field,ResizeOverlayStyle,Style for the resize ghost.
src/tools/builtin/useSelectTool.ts,UseSelectToolOptions.rotateOverlayStyle?,field,RotateOverlayStyle,Style for the rotate ghost.
src/tools/builtin/useSelectTool.ts,UseSelectToolOptions.drawGhost?,field,"( ctx: CanvasRenderingContext2D, obj: TObject \","null, pose: TPose, view: { x: number; y: number; scale: number }, ) => void"
src/tools/builtin/useSelectTool.ts,UseSelectToolOptions.getObject?,field,(id: string) => TObject \,null
src/tools/builtin/useSelectTool.ts,UseSelectToolOptions.onDoubleTap?,field,(args: { worldX: number; worldY: number; ids: string[]; event: PointerEvent; }) => void,Optional double-tap hook.
src/tools/builtin/useSelectTool.ts,SelectScratch,type,\,{ kind: 'idle' } \
src/tools/builtin/useSelectTool.ts,useSelectTool,hook,"(adapter: SelectAdapter<TObject, TPose>, options: UseSelectToolOptions<TObject, TPose>) => Tool<SelectScratch>",Active-slot Tool wrapping useMove/useResize/useRotate/useAreaSelect.
src/tools/builtin/useSelectTool.ts,useSelectTool.adapter,param,"adapter: SelectAdapter<TObject, TPose>",
src/tools/builtin/useSelectTool.ts,useSelectTool.options,param,"options: UseSelectToolOptions<TObject, TPose>",
src/tools/builtin/useSelectWithAnchorEdit.ts,SelectWithAnchorEditAdapter,type,"& MoveAdapter<TObject, TPose> & ResizeAdapter<TObject, TPose> & RotateAdapter<TObject, TPose> & AreaSelectAdapter & EditAnchorsAdapter<TObject>",Adapter intersection required for the inner select tool plus the edit-anchors controller.
src/tools/builtin/useSelectWithAnchorEdit.ts,SelectWithAnchorEditAnchorsOptions,interface,"{ hitRadius, editLabel, toolId, keybinding, cursor, overlayStyle }",Sub-options forwarded to useEditAnchors + useEditAnchorsTool.
src/tools/builtin/useSelectWithAnchorEdit.ts,SelectWithAnchorEditAnchorsOptions.hitRadius?,field,number,World-space hit radius for anchor + control handles.
src/tools/builtin/useSelectWithAnchorEdit.ts,SelectWithAnchorEditAnchorsOptions.editLabel?,field,UseEditAnchorsOptions['editLabel'],History label for the anchor-edit transform.
src/tools/builtin/useSelectWithAnchorEdit.ts,SelectWithAnchorEditAnchorsOptions.toolId?,field,UseEditAnchorsToolOptions['id'],Tool id for the edit-anchors slot.
src/tools/builtin/useSelectWithAnchorEdit.ts,SelectWithAnchorEditAnchorsOptions.keybinding?,field,UseEditAnchorsToolOptions['keybinding'],Tool keybinding.
src/tools/builtin/useSelectWithAnchorEdit.ts,SelectWithAnchorEditAnchorsOptions.cursor?,field,UseEditAnchorsToolOptions['cursor'],Tool cursor.
src/tools/builtin/useSelectWithAnchorEdit.ts,SelectWithAnchorEditAnchorsOptions.overlayStyle?,field,UseEditAnchorsToolOptions['overlayStyle'],Visual style overrides for the anchor-edit overlay.
src/tools/builtin/useSelectWithAnchorEdit.ts,UseSelectWithAnchorEditOptions,interface,"{ editAnchors, editingFilter, clientToWorld }",Options for the modal select-with-anchor-edit helper.
src/tools/builtin/useSelectWithAnchorEdit.ts,UseSelectWithAnchorEditOptions.editAnchors?,field,SelectWithAnchorEditAnchorsOptions,"Edit-anchors sub-options (hit radius, overlay style, etc.)."
src/tools/builtin/useSelectWithAnchorEdit.ts,UseSelectWithAnchorEditOptions.editingFilter?,field,(ids: readonly string[]) => string \,null
src/tools/builtin/useSelectWithAnchorEdit.ts,UseSelectWithAnchorEditOptions.clientToWorld?,field,"(canvas: HTMLCanvasElement, cx: number, cy: number) => [number, number]",Convert client (event) coords to world coords for the double-click hit test.
src/tools/builtin/useSelectWithAnchorEdit.ts,UseSelectWithAnchorEditReturn,interface,"{ tools, onDoubleClick, editingId }",Return shape: a tools API for <Canvas tools={...}> plus a double-click handler the consumer wires to the wrapping element.
src/tools/builtin/useSelectWithAnchorEdit.ts,UseSelectWithAnchorEditReturn.tools,field,ToolsApi,Tools API — pass straight to <Canvas tools={tools}>.
src/tools/builtin/useSelectWithAnchorEdit.ts,UseSelectWithAnchorEditReturn.onDoubleClick,field,(e: React.MouseEvent<HTMLElement>) => void,Wrap the canvas container with this on onDoubleClick.
src/tools/builtin/useSelectWithAnchorEdit.ts,UseSelectWithAnchorEditReturn.editingId,field,string \,null
src/tools/builtin/useSelectWithAnchorEdit.ts,useSelectWithAnchorEdit,hook,"(adapter: SelectWithAnchorEditAdapter<TObject, TPose>, options: UseSelectWithAnchorEditOptions<TObject, TPose>) => UseSelectWithAnchorEditReturn","Compose useSelectTool + useEditAnchors + useEditAnchorsTool + useTools with the modal ""double-click to enter anchor edit, Escape to exit"" state machine"
src/tools/builtin/useSelectWithAnchorEdit.ts,useSelectWithAnchorEdit.adapter,param,"adapter: SelectWithAnchorEditAdapter<TObject, TPose>",
src/tools/builtin/useSelectWithAnchorEdit.ts,useSelectWithAnchorEdit.options,param,"options: UseSelectWithAnchorEditOptions<TObject, TPose>",
src/tools/builtin/useTextTool.ts,UseTextToolOptions,interface,"{ pointInsert, commitInsert, hitExisting, minBounds, marqueeStyle }",
src/tools/builtin/useTextTool.ts,UseTextToolOptions.pointInsert,field,(point: { x: number; y: number }) => TObject \,null
src/tools/builtin/useTextTool.ts,UseTextToolOptions.commitInsert?,field,InsertAdapter<TObject>['commitInsert'],Optional drag-to-size path.
src/tools/builtin/useTextTool.ts,UseTextToolOptions.hitExisting?,field,(point: { x: number; y: number }) => string \,string[] \
src/tools/builtin/useTextTool.ts,UseTextToolOptions.minBounds?,field,{ width: number; height: number },Threshold below which a drag falls back to pointInsert.
src/tools/builtin/useTextTool.ts,UseTextToolOptions.marqueeStyle?,field,InsertOverlayStyle,Style for the drag-to-size marquee preview.
src/tools/builtin/useTextTool.ts,useTextTool,hook,(options: UseTextToolOptions<TObject>) => Tool<undefined>,Active-slot Tool: click to create a new text object at the cursor; optionally drag to size its bounding box.
src/tools/builtin/useTextTool.ts,useTextTool.options,param,options: UseTextToolOptions<TObject>,
src/tools/builtin/useUndoRedoTool.ts,UseUndoRedoToolOptions,interface,{  },
src/tools/builtin/useUndoRedoTool.ts,useUndoRedoTool,hook,"(adapter: UndoRedoAdapter, options: UseUndoRedoToolOptions = {}) => Tool<undefined>",Always-on Tool wrapping useUndoRedo.
src/tools/builtin/useUndoRedoTool.ts,useUndoRedoTool.adapter,param,adapter: UndoRedoAdapter,
src/tools/builtin/useUndoRedoTool.ts,useUndoRedoTool.options,param,options: UseUndoRedoToolOptions = {},
src/tools/builtin/useUserPenTool.ts,PenAnchor,interface,"{ x, y, outHandle, inHandle, altBroken }",In-progress pen anchor.
src/tools/builtin/useUserPenTool.ts,PenAnchor.x,field,number,
src/tools/builtin/useUserPenTool.ts,PenAnchor.y,field,number,
src/tools/builtin/useUserPenTool.ts,PenAnchor.outHandle?,field,{ x: number; y: number },
src/tools/builtin/useUserPenTool.ts,PenAnchor.inHandle?,field,{ x: number; y: number },
src/tools/builtin/useUserPenTool.ts,PenAnchor.altBroken?,field,boolean,True when Alt was held during the outgoing-handle drag — the next anchor's incoming handle is NOT mirrored from this one.
src/tools/builtin/useUserPenTool.ts,PenSubpath,interface,"{ anchors, closed }",
src/tools/builtin/useUserPenTool.ts,PenSubpath.anchors,field,PenAnchor[],
src/tools/builtin/useUserPenTool.ts,PenSubpath.closed,field,boolean,
src/tools/builtin/useUserPenTool.ts,PenScratch,interface,"{ finishedSubpaths, current, cursor, draggingHandleAt, closeHintActive, _pendingDown, _lastClick }",Mutable scratch shared across pen-tool gestures.
src/tools/builtin/useUserPenTool.ts,PenScratch.finishedSubpaths,field,PenSubpath[],
src/tools/builtin/useUserPenTool.ts,PenScratch.current,field,PenSubpath \,null
src/tools/builtin/useUserPenTool.ts,PenScratch.cursor,field,{ x: number; y: number } \,null
src/tools/builtin/useUserPenTool.ts,PenScratch.draggingHandleAt,field,number \,null
src/tools/builtin/useUserPenTool.ts,PenScratch.closeHintActive,field,boolean,
src/tools/builtin/useUserPenTool.ts,PenScratch._pendingDown,field,{ worldX: number; worldY: number; alt: boolean; shift: boolean } \,null
src/tools/builtin/useUserPenTool.ts,PenScratch._lastClick,field,{ t: number; x: number; y: number } \,null
src/tools/builtin/useUserPenTool.ts,UseUserPenToolOptions,interface,"{ wrapPath, adapter, autoSelect, closeHitRadius, snapPoint }",
src/tools/builtin/useUserPenTool.ts,UseUserPenToolOptions.wrapPath,field,"(path: PolygonPath, opts: { closed: boolean }) => TPose",Wrap a finished PolygonPath in the consumer's pose type.
src/tools/builtin/useUserPenTool.ts,UseUserPenToolOptions.adapter,field,{ addObject: (pose: TPose) => string; setSelection: (ids: string[]) => void; },Insert + select adapter.
src/tools/builtin/useUserPenTool.ts,UseUserPenToolOptions.autoSelect?,field,boolean,Auto-select the new object after commit.
src/tools/builtin/useUserPenTool.ts,UseUserPenToolOptions.closeHitRadius?,field,number,"Screen-px hit radius for ""click first anchor to close""."
src/tools/builtin/useUserPenTool.ts,UseUserPenToolOptions.snapPoint?,field,(p: { x: number; y: number }) => { x: number; y: number },"Optional point snapper applied to every world-space coordinate the pen records or previews — anchor positions (corner clicks, smooth- drag base point), the rubb"
src/tools/builtin/useUserPenTool.ts,useUserPenTool,hook,(options: UseUserPenToolOptions<TPose>) => Tool<PenScratch>,Active-slot Tool: click + drag to build a PolygonPath Illustrator-style.
src/tools/builtin/useUserPenTool.ts,useUserPenTool.options,param,options: UseUserPenToolOptions<TPose>,
src/tools/builtin/useWheelPanTool.ts,useWheelPanTool,hook,() => Tool<null>,Always-on tool: claims wheel events when ctrlKey is false (plain wheel + horizontal trackpad scroll).
src/tools/builtin/useWheelZoomTool.ts,WheelZoomToolOpts,interface,"{ min, max, wheelStep }",
src/tools/builtin/useWheelZoomTool.ts,WheelZoomToolOpts.min?,field,number,
src/tools/builtin/useWheelZoomTool.ts,WheelZoomToolOpts.max?,field,number,
src/tools/builtin/useWheelZoomTool.ts,WheelZoomToolOpts.wheelStep?,field,number,Multiplicative step per 100px of wheel delta.
src/tools/builtin/useWheelZoomTool.ts,useWheelZoomTool,hook,(opts: WheelZoomToolOpts = {}) => Tool<null>,"Always-on tool: claims wheel events when ctrlKey is true (covers Cmd+wheel on macOS *and* trackpad pinch, which the browser synthesizes as ctrl+wheel)."
src/tools/builtin/useWheelZoomTool.ts,useWheelZoomTool.opts,param,opts: WheelZoomToolOpts = {},
src/tools/defineTool.ts,defineTool,function,(spec: Tool<TScratch>) => Tool<TScratch>,Identity helper for declaring a Tool.
src/tools/defineTool.ts,defineTool.spec,param,spec: Tool<TScratch>,
src/tools/dispatcher.ts,ToolsDispatcherOptions,interface,"{ getSlots, getCtx, threshold, onGestureChange, now, dblTap }",
src/tools/dispatcher.ts,ToolsDispatcherOptions.getSlots,field,() => SlotsState,Called on every event to read the current slot occupants.
src/tools/dispatcher.ts,ToolsDispatcherOptions.getCtx,field,"(overrides?: { clientX?: number; clientY?: number; modifiers?: { alt: boolean; shift: boolean; meta: boolean; ctrl: boolean }; }) => Omit<ToolCtx, 'scratch'>",Called once per channel-handler invocation to construct the ctx the handler receives.
src/tools/dispatcher.ts,ToolsDispatcherOptions.threshold?,field,number,Pixel distance the pointer must travel before a click is reclassified as a drag.
src/tools/dispatcher.ts,ToolsDispatcherOptions.onGestureChange?,field,() => void,Optional callback fired whenever an in-flight gesture starts or ends (including phase transitions pending → drag → end/cancel).
src/tools/dispatcher.ts,ToolsDispatcherOptions.now?,field,() => number,Time source for double-tap detection.
src/tools/dispatcher.ts,ToolsDispatcherOptions.dblTap?,field,{ /** Maximum interval between the two taps (ms). Default 300. */ windowMs?: number; /** Maximum CSS-px distance between the two tap positions. Default 8. */ maxDistance?: number; },Double-tap detection thresholds.
src/tools/dispatcher.ts,ToolsDispatcher,interface,"{ onPointerDown, onPointerMove, onPointerUp, onKeyDown, onKeyUp, onWheel, cancelGesture, hasActiveGesture, getActiveScratch }",
src/tools/dispatcher.ts,ToolsDispatcher.onPointerDown,field,(e: PointerEvent) => void,
src/tools/dispatcher.ts,ToolsDispatcher.onPointerMove,field,(e: PointerEvent) => void,
src/tools/dispatcher.ts,ToolsDispatcher.onPointerUp,field,(e: PointerEvent) => void,
src/tools/dispatcher.ts,ToolsDispatcher.onKeyDown,field,(e: KeyboardEvent) => void,
src/tools/dispatcher.ts,ToolsDispatcher.onKeyUp,field,(e: KeyboardEvent) => void,
src/tools/dispatcher.ts,ToolsDispatcher.onWheel,field,(e: WheelEvent) => void,
src/tools/dispatcher.ts,ToolsDispatcher.cancelGesture,field,() => void,Force-cancel any in-flight gesture (used on explicit tool switch).
src/tools/dispatcher.ts,ToolsDispatcher.hasActiveGesture,field,() => boolean,Whether a gesture is currently in flight.
src/tools/dispatcher.ts,ToolsDispatcher.getActiveScratch,field,() => unknown,"Scratch of the in-flight gesture, or null when idle."
src/tools/dispatcher.ts,createToolsDispatcher,function,(opts: ToolsDispatcherOptions) => ToolsDispatcher,
src/tools/dispatcher.ts,createToolsDispatcher.opts,param,opts: ToolsDispatcherOptions,
src/tools/index.ts,defineTool,reexport,re-export from './defineTool',
src/tools/index.ts,useTools,reexport,re-export from './useTools',
src/tools/index.ts,UseToolsOptions,reexport,re-export from './useTools',
src/tools/index.ts,ToolsApi,reexport,re-export from './useTools',
src/tools/index.ts,useKeybindings,reexport,re-export from './useKeybindings',
src/tools/index.ts,UseKeybindingsOptions,reexport,re-export from './useKeybindings',
src/tools/index.ts,createToolsDispatcher,reexport,re-export from './dispatcher',
src/tools/index.ts,ToolsDispatcher,reexport,re-export from './dispatcher',
src/tools/index.ts,Tool,reexport,re-export from './types',
src/tools/index.ts,AnyTool,reexport,re-export from './types',
src/tools/index.ts,ToolCtx,reexport,re-export from './types',
src/tools/index.ts,ToolModifiers,reexport,re-export from './types',
src/tools/index.ts,ToolSlot,reexport,re-export from './types',
src/tools/index.ts,Decision,reexport,re-export from './types',
src/tools/index.ts,ModifierTrigger,reexport,re-export from './types',
src/tools/index.ts,PointerChannel,reexport,re-export from './types',
src/tools/index.ts,DragChannel,reexport,re-export from './types',
src/tools/index.ts,KeyboardChannel,reexport,re-export from './types',
src/tools/index.ts,WheelChannel,reexport,re-export from './types',
src/tools/index.ts,* from './builtin',reexport-all,*,
src/tools/types.ts,Decision,type,'claim' \,'pass' \
src/tools/types.ts,ToolModifiers,interface,"{ alt, shift, meta, ctrl, space }",Modifier-key snapshot at event dispatch time.
src/tools/types.ts,ToolModifiers.alt,field,boolean,
src/tools/types.ts,ToolModifiers.shift,field,boolean,
src/tools/types.ts,ToolModifiers.meta,field,boolean,
src/tools/types.ts,ToolModifiers.ctrl,field,boolean,
src/tools/types.ts,ToolModifiers.space,field,boolean,
src/tools/types.ts,ToolCtx,interface,"{ worldX, worldY, modifiers, selection, adapter, applyBatch, view, setView, canvasRect, debug, ... }",Per-event context passed to every channel handler.
src/tools/types.ts,ToolCtx.worldX,field,number,
src/tools/types.ts,ToolCtx.worldY,field,number,
src/tools/types.ts,ToolCtx.modifiers,field,ToolModifiers,
src/tools/types.ts,ToolCtx.selection,field,SelectionApi,
src/tools/types.ts,ToolCtx.adapter,field,unknown,Adapter/scene access — opaque at this layer; tools that need it cast to a known shape.
src/tools/types.ts,ToolCtx.applyBatch,field,"(ops: Op[], label: string) => void",
src/tools/types.ts,ToolCtx.view,field,View,Current viewport.
src/tools/types.ts,ToolCtx.setView,field,(next: View) => void,Mutate the viewport.
src/tools/types.ts,ToolCtx.canvasRect,field,DOMRect,Bounding rect of the canvas element in viewport coords.
src/tools/types.ts,ToolCtx.debug?,field,DebugSink,Optional debug sink.
src/tools/types.ts,ToolCtx.scratch,field,TScratch,
src/tools/types.ts,PointerChannel,interface,"{ onDown, onClick }",
src/tools/types.ts,PointerChannel.onDown?,field,"(e: PointerEvent, ctx: ToolCtx<TScratch>) => Decision",
src/tools/types.ts,PointerChannel.onClick?,field,"(e: PointerEvent, ctx: ToolCtx<TScratch>) => Decision",
src/tools/types.ts,DragChannel,interface,"{ onStart, onMove, onEnd, onCancel }",
src/tools/types.ts,DragChannel.onStart?,field,"(e: PointerEvent, ctx: ToolCtx<TScratch>) => Decision",
src/tools/types.ts,DragChannel.onMove?,field,"(e: PointerEvent, ctx: ToolCtx<TScratch>) => Decision",
src/tools/types.ts,DragChannel.onEnd?,field,"(e: PointerEvent, ctx: ToolCtx<TScratch>) => Decision",
src/tools/types.ts,DragChannel.onCancel?,field,(ctx: ToolCtx<TScratch>) => void,
src/tools/types.ts,KeyboardChannel,interface,"{ onDown, onUp }",
src/tools/types.ts,KeyboardChannel.onDown?,field,"(e: KeyboardEvent, ctx: ToolCtx<TScratch>) => Decision",
src/tools/types.ts,KeyboardChannel.onUp?,field,"(e: KeyboardEvent, ctx: ToolCtx<TScratch>) => Decision",
src/tools/types.ts,WheelChannel,interface,{ onWheel },
src/tools/types.ts,WheelChannel.onWheel?,field,"(e: WheelEvent, ctx: ToolCtx<TScratch>) => Decision",
src/tools/types.ts,DblTapChannel,interface,{ onTap },Double-tap (double-click) channel.
src/tools/types.ts,DblTapChannel.onTap?,field,"(e: PointerEvent, ctx: ToolCtx<TScratch>) => Decision",
src/tools/types.ts,ModifierTrigger,type,'space' \,'alt' \
src/tools/types.ts,ToolBounds,interface,"{ x, y, width, height }",World-space AABB shape used by peekBounds.
src/tools/types.ts,ToolBounds.x,field,number,
src/tools/types.ts,ToolBounds.y,field,number,
src/tools/types.ts,ToolBounds.width,field,number,
src/tools/types.ts,ToolBounds.height,field,number,
src/tools/types.ts,Tool,interface,"{ id, keybinding, modifier, initScratch, onActivate, onDeactivate, pointer, drag, keyboard, wheel, ... }",Full Tool record.
src/tools/types.ts,Tool.id,field,string,
src/tools/types.ts,Tool.keybinding?,field,string,
src/tools/types.ts,Tool.modifier?,field,ModifierTrigger,
src/tools/types.ts,Tool.initScratch?,field,() => TScratch,
src/tools/types.ts,Tool.onActivate?,field,(ctx: ToolCtx<TScratch>) => void,
src/tools/types.ts,Tool.onDeactivate?,field,(ctx: ToolCtx<TScratch>) => void,
src/tools/types.ts,Tool.pointer?,field,PointerChannel<TScratch>,
src/tools/types.ts,Tool.drag?,field,DragChannel<TScratch>,
src/tools/types.ts,Tool.keyboard?,field,KeyboardChannel<TScratch>,
src/tools/types.ts,Tool.wheel?,field,WheelChannel<TScratch>,
src/tools/types.ts,Tool.dblTap?,field,DblTapChannel<TScratch>,Double-tap channel — fires when two sub-threshold taps land within dblTap.windowMs / dblTap.maxDistance of each other.
src/tools/types.ts,Tool.cursor?,field,string \,((ctx: ToolCtx<TScratch>) => string)
src/tools/types.ts,Tool.peekPose?,field,(id: string) => unknown,Returns the in-flight overlay pose for id if this tool is mid-gesture on it; otherwise null.
src/tools/types.ts,Tool.peekBounds?,field,(id: string) => ToolBounds \,null
src/tools/types.ts,Tool.peekHide?,field,() => Iterable<string> \,null
src/tools/types.ts,Tool.overlay?,field,RenderLayer<unknown>,"Optional overlay layer rendered on top of the scene/chrome whenever this tool is in any active slot (active, modifier, or alwaysOn)."
src/tools/types.ts,ToolSlot,type,'modifier' \,'active' \
src/tools/types.ts,AnyTool,type,Tool<any>,eslint-disable-next-line @typescript-eslint/no-explicit-any
src/tools/useKeybindings.ts,UseKeybindingsOptions,interface,"{ overrides, disable, defaultTool }",
src/tools/useKeybindings.ts,UseKeybindingsOptions.overrides?,field,"Record<string, string \",null>
src/tools/useKeybindings.ts,UseKeybindingsOptions.disable?,field,boolean,Skip all wiring.
src/tools/useKeybindings.ts,UseKeybindingsOptions.defaultTool?,field,string \,null
src/tools/useKeybindings.ts,useKeybindings,hook,"(tools: ToolsApi, options: UseKeybindingsOptions = {}) => void",
src/tools/useKeybindings.ts,useKeybindings.tools,param,tools: ToolsApi,
src/tools/useKeybindings.ts,useKeybindings.options,param,options: UseKeybindingsOptions = {},
src/tools/useTools.ts,UseToolsOptions,interface,"{ active, registry, alwaysOn, getCtx }",
src/tools/useTools.ts,UseToolsOptions.active,field,string,Initial active-slot tool id.
src/tools/useTools.ts,UseToolsOptions.registry,field,"Record<string, AnyTool>",Tools eligible for the active slot or modifier slot.
src/tools/useTools.ts,UseToolsOptions.alwaysOn?,field,AnyTool[],Always-on tools — listen continuously regardless of active slot.
src/tools/useTools.ts,UseToolsOptions.getCtx?,field,"(overrides?: { clientX?: number; clientY?: number; modifiers?: { alt: boolean; shift: boolean; meta: boolean; ctrl: boolean }; }) => Omit<ToolCtx, 'scratch'>",Per-event base ctx supplier.
src/tools/useTools.ts,ToolsApi,interface,"{ active, setActive, modifierEngaged, engageModifier, disengageModifier, alwaysOn, registry, dispatcher, gestureTick, has, ... }",
src/tools/useTools.ts,ToolsApi.active,field,string,Current active-slot tool id.
src/tools/useTools.ts,ToolsApi.setActive,field,(id: string) => void,Set the active-slot tool.
src/tools/useTools.ts,ToolsApi.modifierEngaged,field,string \,null
src/tools/useTools.ts,ToolsApi.engageModifier,field,(id: string) => void,Engage a modifier-slot tool by id.
src/tools/useTools.ts,ToolsApi.disengageModifier,field,() => void,"Disengage the modifier-slot tool, if any."
src/tools/useTools.ts,ToolsApi.alwaysOn,field,readonly AnyTool[],"All always-on tools, in registration order."
src/tools/useTools.ts,ToolsApi.registry,field,"Readonly<Record<string, AnyTool>>","Full registry — for userland UI (palette buttons, etc.)."
src/tools/useTools.ts,ToolsApi.dispatcher,field,ToolsDispatcher,The dispatcher <Canvas> wires to its DOM events.
src/tools/useTools.ts,ToolsApi.gestureTick,field,number,"Increments whenever an in-flight gesture starts, transitions phase, or ends."
src/tools/useTools.ts,ToolsApi.has,field,boolean,Returns true if a tool with the given id is in the registry or alwaysOn list.
src/tools/useTools.ts,ToolsApi.getActiveOverlays,field,RenderLayer<unknown>[],"All overlay layers from currently-engaged tools (active slot, modifier slot if engaged, all alwaysOn slot tools)."
src/tools/useTools.ts,useTools,hook,(opts: UseToolsOptions) => ToolsApi,
src/tools/useTools.ts,useTools.opts,param,opts: UseToolsOptions,
src/util/constrainTo45.ts,constrainTo45,function,"(dx: number, dy: number) => { dx: number; dy: number }","Snap a (dx, dy) direction vector to the nearest 0/45/90/135° axis, preserving the input magnitude."
src/util/constrainTo45.ts,constrainTo45.dx,param,dx: number,
src/util/constrainTo45.ts,constrainTo45.dy,param,dy: number,
